speaker,iso_lang,text,sex,duration,syllables,age
CAT_F1(Su),CAT,O1,F,12.43,88,42.0
CAT_F1(Su),CAT,O2,F,16.92,118,42.0
CAT_F1(Su),CAT,O3,F,19.96,139,42.0
CAT_F1(Su),CAT,O4,F,22.42,142,42.0
CAT_F1(Su),CAT,O6,F,13.49,99,42.0
CAT_F1(Su),CAT,O8,F,18.95,131,42.0
CAT_F1(Su),CAT,O9,F,11.35,81,42.0
CAT_F1(Su),CAT,P0,F,18.53,122,42.0
CAT_F1(Su),CAT,P1,F,19.74,127,42.0
CAT_F1(Su),CAT,P2,F,17.33,118,42.0
CAT_F1(Su),CAT,P3,F,19.39,131,42.0
CAT_F1(Su),CAT,P8,F,17.9,117,42.0
CAT_F1(Su),CAT,P9,F,17.05,119,42.0
CAT_F1(Su),CAT,Q0,F,18.55,127,42.0
CAT_F1(Su),CAT,Q1,F,13.48,93,42.0
CAT_F2(De),CAT,O1,F,12.51,88,50.0
CAT_F2(De),CAT,O2,F,16.49,118,50.0
CAT_F2(De),CAT,O3,F,18.48,139,50.0
CAT_F2(De),CAT,O4,F,19.98,142,50.0
CAT_F2(De),CAT,O6,F,12.48,99,50.0
CAT_F2(De),CAT,O8,F,16.45,131,50.0
CAT_F2(De),CAT,O9,F,10.02,81,50.0
CAT_F2(De),CAT,P0,F,16.69,122,50.0
CAT_F2(De),CAT,P1,F,16.36,127,50.0
CAT_F2(De),CAT,P2,F,15.46,118,50.0
CAT_F2(De),CAT,P3,F,17.92,131,50.0
CAT_F2(De),CAT,P8,F,15.06,117,50.0
CAT_F2(De),CAT,P9,F,15.5,119,50.0
CAT_F2(De),CAT,Q0,F,16.71,127,50.0
CAT_F2(De),CAT,Q1,F,12.31,93,50.0
CAT_F3(Mo),CAT,O1,F,12.44,88,21.0
CAT_F3(Mo),CAT,O2,F,16.28,118,21.0
CAT_F3(Mo),CAT,O3,F,20.26,139,21.0
CAT_F3(Mo),CAT,O4,F,20.3,142,21.0
CAT_F3(Mo),CAT,O6,F,13.72,99,21.0
CAT_F3(Mo),CAT,O8,F,17.84,131,21.0
CAT_F3(Mo),CAT,O9,F,10.9,81,21.0
CAT_F3(Mo),CAT,P0,F,17.42,122,21.0
CAT_F3(Mo),CAT,P1,F,19.25,127,21.0
CAT_F3(Mo),CAT,P2,F,17.68,118,21.0
CAT_F3(Mo),CAT,P3,F,18.49,131,21.0
CAT_F3(Mo),CAT,P8,F,16.18,117,21.0
CAT_F3(Mo),CAT,P9,F,17.29,119,21.0
CAT_F3(Mo),CAT,Q0,F,19.02,127,21.0
CAT_F3(Mo),CAT,Q1,F,13.01,93,21.0
CAT_F4(Mi),CAT,O1,F,12.18,88,28.0
CAT_F4(Mi),CAT,O2,F,16.46,118,28.0
CAT_F4(Mi),CAT,O3,F,19.51,139,28.0
CAT_F4(Mi),CAT,O4,F,20.93,142,28.0
CAT_F4(Mi),CAT,O6,F,13.69,99,28.0
CAT_F4(Mi),CAT,O8,F,17.54,131,28.0
CAT_F4(Mi),CAT,O9,F,11.52,81,28.0
CAT_F4(Mi),CAT,P0,F,18.67,122,28.0
CAT_F4(Mi),CAT,P1,F,17.8,127,28.0
CAT_F4(Mi),CAT,P2,F,17.13,118,28.0
CAT_F4(Mi),CAT,P3,F,18.86,131,28.0
CAT_F4(Mi),CAT,P8,F,15.92,117,28.0
CAT_F4(Mi),CAT,P9,F,16.79,119,28.0
CAT_F4(Mi),CAT,Q0,F,17.65,127,28.0
CAT_F4(Mi),CAT,Q1,F,13.06,93,28.0
CAT_F5(An),CAT,O1,F,13.81,88,39.0
CAT_F5(An),CAT,O2,F,18.68,118,39.0
CAT_F5(An),CAT,O3,F,22.53,139,39.0
CAT_F5(An),CAT,O4,F,23.33,142,39.0
CAT_F5(An),CAT,O6,F,14.95,99,39.0
CAT_F5(An),CAT,O8,F,19.63,131,39.0
CAT_F5(An),CAT,O9,F,12.26,81,39.0
CAT_F5(An),CAT,P0,F,20.19,122,39.0
CAT_F5(An),CAT,P1,F,19.25,127,39.0
CAT_F5(An),CAT,P2,F,18.83,118,39.0
CAT_F5(An),CAT,P3,F,22.36,131,39.0
CAT_F5(An),CAT,P8,F,20.24,117,39.0
CAT_F5(An),CAT,P9,F,18.79,119,39.0
CAT_F5(An),CAT,Q0,F,19.39,127,39.0
CAT_F5(An),CAT,Q1,F,15.4,93,39.0
CAT_M1(Xa),CAT,O1,M,11.9,88,28.0
CAT_M1(Xa),CAT,O2,M,15.66,118,28.0
CAT_M1(Xa),CAT,O3,M,18.0,139,28.0
CAT_M1(Xa),CAT,O4,M,19.99,142,28.0
CAT_M1(Xa),CAT,O6,M,13.39,99,28.0
CAT_M1(Xa),CAT,O8,M,17.13,131,28.0
CAT_M1(Xa),CAT,O9,M,10.56,81,28.0
CAT_M1(Xa),CAT,P0,M,17.42,122,28.0
CAT_M1(Xa),CAT,P1,M,16.36,127,28.0
CAT_M1(Xa),CAT,P2,M,15.67,118,28.0
CAT_M1(Xa),CAT,P3,M,17.38,131,28.0
CAT_M1(Xa),CAT,P8,M,14.98,117,28.0
CAT_M1(Xa),CAT,P9,M,15.37,119,28.0
CAT_M1(Xa),CAT,Q0,M,17.44,127,28.0
CAT_M1(Xa),CAT,Q1,M,11.53,93,28.0
CAT_M2(Al),CAT,O1,M,11.46,88,29.0
CAT_M2(Al),CAT,O2,M,16.7,118,29.0
CAT_M2(Al),CAT,O3,M,19.12,139,29.0
CAT_M2(Al),CAT,O4,M,19.65,142,29.0
CAT_M2(Al),CAT,O6,M,13.55,99,29.0
CAT_M2(Al),CAT,O8,M,16.93,131,29.0
CAT_M2(Al),CAT,O9,M,10.47,81,29.0
CAT_M2(Al),CAT,P0,M,16.8,122,29.0
CAT_M2(Al),CAT,P1,M,17.07,127,29.0
CAT_M2(Al),CAT,P2,M,16.28,118,29.0
CAT_M2(Al),CAT,P3,M,19.15,131,29.0
CAT_M2(Al),CAT,P8,M,16.14,117,29.0
CAT_M2(Al),CAT,P9,M,16.42,119,29.0
CAT_M2(Al),CAT,Q0,M,17.68,127,29.0
CAT_M2(Al),CAT,Q1,M,13.37,93,29.0
CAT_M3(Da),CAT,O1,M,12.6,88,31.0
CAT_M3(Da),CAT,O2,M,16.1,118,31.0
CAT_M3(Da),CAT,O3,M,19.43,139,31.0
CAT_M3(Da),CAT,O4,M,19.32,142,31.0
CAT_M3(Da),CAT,O6,M,12.92,99,31.0
CAT_M3(Da),CAT,O8,M,16.2,131,31.0
CAT_M3(Da),CAT,O9,M,10.51,81,31.0
CAT_M3(Da),CAT,P0,M,17.15,122,31.0
CAT_M3(Da),CAT,P1,M,17.7,127,31.0
CAT_M3(Da),CAT,P2,M,15.95,118,31.0
CAT_M3(Da),CAT,P3,M,18.51,131,31.0
CAT_M3(Da),CAT,P8,M,14.96,117,31.0
CAT_M3(Da),CAT,P9,M,15.8,119,31.0
CAT_M3(Da),CAT,Q0,M,15.83,127,31.0
CAT_M3(Da),CAT,Q1,M,11.83,93,31.0
CAT_M4(Ma),CAT,O1,M,14.76,88,44.0
CAT_M4(Ma),CAT,O2,M,19.01,118,44.0
CAT_M4(Ma),CAT,O3,M,21.16,139,44.0
CAT_M4(Ma),CAT,O4,M,21.32,142,44.0
CAT_M4(Ma),CAT,O6,M,14.12,99,44.0
CAT_M4(Ma),CAT,O8,M,17.95,131,44.0
CAT_M4(Ma),CAT,O9,M,11.16,81,44.0
CAT_M4(Ma),CAT,P0,M,17.82,122,44.0
CAT_M4(Ma),CAT,P1,M,17.9,127,44.0
CAT_M4(Ma),CAT,P2,M,16.33,118,44.0
CAT_M4(Ma),CAT,P3,M,18.44,131,44.0
CAT_M4(Ma),CAT,P8,M,16.7,117,44.0
CAT_M4(Ma),CAT,P9,M,18.38,119,44.0
CAT_M4(Ma),CAT,Q0,M,19.0,127,44.0
CAT_M4(Ma),CAT,Q1,M,13.66,93,44.0
CAT_M5(Jo),CAT,O1,M,13.48,88,42.0
CAT_M5(Jo),CAT,O2,M,16.67,118,42.0
CAT_M5(Jo),CAT,O3,M,20.8,139,42.0
CAT_M5(Jo),CAT,O4,M,23.48,142,42.0
CAT_M5(Jo),CAT,O6,M,15.69,99,42.0
CAT_M5(Jo),CAT,O8,M,17.42,131,42.0
CAT_M5(Jo),CAT,O9,M,11.04,81,42.0
CAT_M5(Jo),CAT,P0,M,19.09,122,42.0
CAT_M5(Jo),CAT,P1,M,18.71,127,42.0
CAT_M5(Jo),CAT,P2,M,15.98,118,42.0
CAT_M5(Jo),CAT,P3,M,20.06,131,42.0
CAT_M5(Jo),CAT,P8,M,19.68,117,42.0
CAT_M5(Jo),CAT,P9,M,17.72,119,42.0
CAT_M5(Jo),CAT,Q0,M,18.19,127,42.0
CAT_M5(Jo),CAT,Q1,M,14.64,93,42.0
CMN_F1(Hu),CMN,O1,F,10.62,60,19.0
CMN_F1(Hu),CMN,O2,F,11.94,73,19.0
CMN_F1(Hu),CMN,O3,F,12.21,73,19.0
CMN_F1(Hu),CMN,O4,F,14.69,80,19.0
CMN_F1(Hu),CMN,O6,F,10.88,64,19.0
CMN_F1(Hu),CMN,O8,F,11.37,69,19.0
CMN_F1(Hu),CMN,O9,F,9.87,57,19.0
CMN_F1(Hu),CMN,P0,F,16.93,100,19.0
CMN_F1(Hu),CMN,P1,F,12.18,70,19.0
CMN_F1(Hu),CMN,P2,F,11.37,65,19.0
CMN_F1(Hu),CMN,P3,F,14.44,77,19.0
CMN_F1(Hu),CMN,P8,F,13.23,78,19.0
CMN_F1(Hu),CMN,P9,F,12.7,76,19.0
CMN_F1(Hu),CMN,Q0,F,11.87,68,19.0
CMN_F1(Hu),CMN,Q1,F,9.53,57,19.0
CMN_F2(Yu),CMN,O1,F,10.22,60,19.0
CMN_F2(Yu),CMN,O2,F,12.09,73,19.0
CMN_F2(Yu),CMN,O3,F,12.35,73,19.0
CMN_F2(Yu),CMN,O4,F,14.61,80,19.0
CMN_F2(Yu),CMN,O6,F,10.81,64,19.0
CMN_F2(Yu),CMN,O8,F,11.41,69,19.0
CMN_F2(Yu),CMN,O9,F,9.88,57,19.0
CMN_F2(Yu),CMN,P0,F,17.75,100,19.0
CMN_F2(Yu),CMN,P1,F,12.47,70,19.0
CMN_F2(Yu),CMN,P2,F,11.8,65,19.0
CMN_F2(Yu),CMN,P3,F,14.94,77,19.0
CMN_F2(Yu),CMN,P8,F,13.7,78,19.0
CMN_F2(Yu),CMN,P9,F,13.0,76,19.0
CMN_F2(Yu),CMN,Q0,F,11.46,68,19.0
CMN_F2(Yu),CMN,Q1,F,9.97,57,19.0
CMN_F3(Ma),CMN,O1,F,11.66,60,25.0
CMN_F3(Ma),CMN,O2,F,14.58,73,25.0
CMN_F3(Ma),CMN,O3,F,13.59,73,25.0
CMN_F3(Ma),CMN,O4,F,16.89,80,25.0
CMN_F3(Ma),CMN,O6,F,12.07,64,25.0
CMN_F3(Ma),CMN,O8,F,12.3,69,25.0
CMN_F3(Ma),CMN,O9,F,10.61,57,25.0
CMN_F3(Ma),CMN,P0,F,18.43,100,25.0
CMN_F3(Ma),CMN,P1,F,14.2,70,25.0
CMN_F3(Ma),CMN,P2,F,12.37,65,25.0
CMN_F3(Ma),CMN,P3,F,16.53,77,25.0
CMN_F3(Ma),CMN,P8,F,14.19,78,25.0
CMN_F3(Ma),CMN,P9,F,14.19,76,25.0
CMN_F3(Ma),CMN,Q0,F,13.68,68,25.0
CMN_F3(Ma),CMN,Q1,F,11.22,57,25.0
CMN_F4(Fe),CMN,O1,F,9.83,60,28.0
CMN_F4(Fe),CMN,O2,F,11.23,73,28.0
CMN_F4(Fe),CMN,O3,F,11.5,73,28.0
CMN_F4(Fe),CMN,O4,F,15.31,80,28.0
CMN_F4(Fe),CMN,O6,F,10.75,64,28.0
CMN_F4(Fe),CMN,O8,F,11.5,69,28.0
CMN_F4(Fe),CMN,O9,F,9.07,57,28.0
CMN_F4(Fe),CMN,P0,F,17.54,100,28.0
CMN_F4(Fe),CMN,P1,F,12.72,70,28.0
CMN_F4(Fe),CMN,P2,F,11.57,65,28.0
CMN_F4(Fe),CMN,P3,F,14.36,77,28.0
CMN_F4(Fe),CMN,P8,F,15.0,78,28.0
CMN_F4(Fe),CMN,P9,F,13.01,76,28.0
CMN_F4(Fe),CMN,Q0,F,13.03,68,28.0
CMN_F4(Fe),CMN,Q1,F,9.65,57,28.0
CMN_F6(Xu),CMN,O1,F,9.12,60,
CMN_F6(Xu),CMN,O2,F,10.25,73,
CMN_F6(Xu),CMN,O3,F,10.71,73,
CMN_F6(Xu),CMN,O4,F,12.98,80,
CMN_F6(Xu),CMN,O6,F,9.47,64,
CMN_F6(Xu),CMN,O8,F,9.55,69,
CMN_F6(Xu),CMN,O9,F,8.17,57,
CMN_F6(Xu),CMN,P0,F,16.12,100,
CMN_F6(Xu),CMN,P1,F,10.93,70,
CMN_F6(Xu),CMN,P2,F,9.41,65,
CMN_F6(Xu),CMN,P3,F,13.4,77,
CMN_F6(Xu),CMN,P8,F,12.03,78,
CMN_F6(Xu),CMN,P9,F,11.49,76,
CMN_F6(Xu),CMN,Q0,F,10.17,68,
CMN_F6(Xu),CMN,Q1,F,8.96,57,
CMN_M1(Cha),CMN,O1,M,11.38,60,19.0
CMN_M1(Cha),CMN,O2,M,13.15,73,19.0
CMN_M1(Cha),CMN,O3,M,13.63,73,19.0
CMN_M1(Cha),CMN,O4,M,16.18,80,19.0
CMN_M1(Cha),CMN,O6,M,12.55,64,19.0
CMN_M1(Cha),CMN,O8,M,12.81,69,19.0
CMN_M1(Cha),CMN,O9,M,10.55,57,19.0
CMN_M1(Cha),CMN,P0,M,19.62,100,19.0
CMN_M1(Cha),CMN,P1,M,13.01,70,19.0
CMN_M1(Cha),CMN,P2,M,12.49,65,19.0
CMN_M1(Cha),CMN,P3,M,15.81,77,19.0
CMN_M1(Cha),CMN,P8,M,15.6,78,19.0
CMN_M1(Cha),CMN,P9,M,14.68,76,19.0
CMN_M1(Cha),CMN,Q0,M,13.45,68,19.0
CMN_M1(Cha),CMN,Q1,M,10.7,57,19.0
CMN_M2(Ye),CMN,O1,M,8.29,60,24.0
CMN_M2(Ye),CMN,O2,M,10.9,73,24.0
CMN_M2(Ye),CMN,O3,M,10.14,73,24.0
CMN_M2(Ye),CMN,O4,M,13.31,80,24.0
CMN_M2(Ye),CMN,O6,M,9.46,64,24.0
CMN_M2(Ye),CMN,O8,M,10.11,69,24.0
CMN_M2(Ye),CMN,O9,M,8.25,57,24.0
CMN_M2(Ye),CMN,P0,M,15.8,100,24.0
CMN_M2(Ye),CMN,P1,M,10.03,70,24.0
CMN_M2(Ye),CMN,P2,M,9.81,65,24.0
CMN_M2(Ye),CMN,P3,M,12.5,77,24.0
CMN_M2(Ye),CMN,P8,M,12.29,78,24.0
CMN_M2(Ye),CMN,P9,M,11.7,76,24.0
CMN_M2(Ye),CMN,Q0,M,10.29,68,24.0
CMN_M2(Ye),CMN,Q1,M,8.78,57,24.0
CMN_M4(Yi),CMN,O1,M,11.07,60,31.0
CMN_M4(Yi),CMN,O2,M,14.42,73,31.0
CMN_M4(Yi),CMN,O3,M,14.08,73,31.0
CMN_M4(Yi),CMN,O4,M,16.35,80,31.0
CMN_M4(Yi),CMN,O6,M,12.04,64,31.0
CMN_M4(Yi),CMN,O8,M,13.18,69,31.0
CMN_M4(Yi),CMN,O9,M,10.58,57,31.0
CMN_M4(Yi),CMN,P0,M,20.03,100,31.0
CMN_M4(Yi),CMN,P1,M,13.4,70,31.0
CMN_M4(Yi),CMN,P2,M,12.58,65,31.0
CMN_M4(Yi),CMN,P3,M,14.91,77,31.0
CMN_M4(Yi),CMN,P8,M,15.85,78,31.0
CMN_M4(Yi),CMN,P9,M,14.85,76,31.0
CMN_M4(Yi),CMN,Q0,M,13.17,68,31.0
CMN_M4(Yi),CMN,Q1,M,10.94,57,31.0
CMN_M5(Qi),CMN,O1,M,9.94,60,24.0
CMN_M5(Qi),CMN,O2,M,11.75,73,24.0
CMN_M5(Qi),CMN,O3,M,10.95,73,24.0
CMN_M5(Qi),CMN,O4,M,14.31,80,24.0
CMN_M5(Qi),CMN,O6,M,9.96,64,24.0
CMN_M5(Qi),CMN,O8,M,10.13,69,24.0
CMN_M5(Qi),CMN,O9,M,10.09,57,24.0
CMN_M5(Qi),CMN,P0,M,15.46,100,24.0
CMN_M5(Qi),CMN,P1,M,12.91,70,24.0
CMN_M5(Qi),CMN,P2,M,11.23,65,24.0
CMN_M5(Qi),CMN,P3,M,13.68,77,24.0
CMN_M5(Qi),CMN,P8,M,12.58,78,24.0
CMN_M5(Qi),CMN,P9,M,12.77,76,24.0
CMN_M5(Qi),CMN,Q0,M,11.32,68,24.0
CMN_M5(Qi),CMN,Q1,M,8.84,57,24.0
CMN_M6(Na),CMN,O1,M,9.54,60,19.0
CMN_M6(Na),CMN,O2,M,10.49,73,19.0
CMN_M6(Na),CMN,O3,M,11.51,73,19.0
CMN_M6(Na),CMN,O4,M,13.38,80,19.0
CMN_M6(Na),CMN,O6,M,9.77,64,19.0
CMN_M6(Na),CMN,O8,M,9.85,69,19.0
CMN_M6(Na),CMN,O9,M,8.78,57,19.0
CMN_M6(Na),CMN,P0,M,16.12,100,19.0
CMN_M6(Na),CMN,P1,M,11.19,70,19.0
CMN_M6(Na),CMN,P2,M,10.74,65,19.0
CMN_M6(Na),CMN,P3,M,13.61,77,19.0
CMN_M6(Na),CMN,P8,M,12.76,78,19.0
CMN_M6(Na),CMN,P9,M,11.48,76,19.0
CMN_M6(Na),CMN,Q0,M,10.61,68,19.0
CMN_M6(Na),CMN,Q1,M,9.06,57,19.0
DEU_aj,DEU,O1,F,17.96,86,
DEU_aj,DEU,O4,F,18.35,87,
DEU_aj,DEU,O6,F,16.6,82,
DEU_aj,DEU,O9,F,12.32,60,
DEU_aj,DEU,P0,F,24.4,111,
DEU_aj,DEU,Q0,F,21.9,113,
DEU_bg,DEU,O2,M,16.49,117,
DEU_bg,DEU,O3,M,12.8,86,
DEU_bg,DEU,O8,M,15.9,115,
DEU_bg,DEU,P1,M,14.66,105,
DEU_bg,DEU,P2,M,13.79,90,
DEU_bg,DEU,P3,M,14.45,106,
DEU_bg,DEU,P8,M,13.19,87,
DEU_bg,DEU,P9,M,12.84,92,
DEU_bg,DEU,Q1,M,13.84,94,
DEU_ga,DEU,O1,F,13.61,86,
DEU_ga,DEU,O4,F,14.63,87,
DEU_ga,DEU,O6,F,12.64,82,
DEU_ga,DEU,O9,F,9.0,60,
DEU_ga,DEU,P0,F,18.79,111,
DEU_ga,DEU,Q0,F,16.16,113,
DEU_hm,DEU,O2,M,16.17,117,
DEU_hm,DEU,O3,M,13.8,86,
DEU_hm,DEU,O8,M,15.32,115,
DEU_hm,DEU,P1,M,14.39,105,
DEU_hm,DEU,P2,M,13.83,90,
DEU_hm,DEU,P3,M,15.62,106,
DEU_hm,DEU,P8,M,13.52,87,
DEU_hm,DEU,P9,M,13.13,92,
DEU_hm,DEU,Q1,M,12.93,94,
DEU_jm,DEU,O2,F,16.66,117,
DEU_jm,DEU,O3,F,13.43,86,
DEU_jm,DEU,O8,F,15.08,115,
DEU_jm,DEU,P1,F,14.43,105,
DEU_jm,DEU,P2,F,13.47,90,
DEU_jm,DEU,P3,F,15.16,106,
DEU_jm,DEU,P8,F,12.73,87,
DEU_jm,DEU,P9,F,13.21,92,
DEU_jm,DEU,Q1,F,13.04,94,
DEU_mi,DEU,O2,F,25.14,117,
DEU_mi,DEU,O3,F,20.04,86,
DEU_mi,DEU,O8,F,21.37,115,
DEU_mi,DEU,P1,F,20.3,105,
DEU_mi,DEU,P2,F,19.98,90,
DEU_mi,DEU,P3,F,24.49,106,
DEU_mi,DEU,P8,F,18.6,87,
DEU_mi,DEU,P9,F,20.16,92,
DEU_mi,DEU,Q1,F,19.24,94,
DEU_mj,DEU,O1,M,14.76,86,
DEU_mj,DEU,O4,M,15.31,87,
DEU_mj,DEU,O6,M,13.69,82,
DEU_mj,DEU,O9,M,9.7,60,
DEU_mj,DEU,P0,M,19.57,111,
DEU_mj,DEU,Q0,M,17.26,113,
DEU_qk,DEU,O1,M,13.96,86,
DEU_qk,DEU,O4,M,14.68,87,
DEU_qk,DEU,O6,M,13.55,82,
DEU_qk,DEU,O9,M,9.72,60,
DEU_qk,DEU,P0,M,19.62,111,
DEU_qk,DEU,Q0,M,16.71,113,
DEU_sm,DEU,O1,M,12.11,86,
DEU_sm,DEU,O4,M,13.23,87,
DEU_sm,DEU,O6,M,11.8,82,
DEU_sm,DEU,O9,M,8.66,60,
DEU_sm,DEU,P0,M,16.97,111,
DEU_sm,DEU,Q0,M,14.93,113,
DEU_ss,DEU,O2,F,23.71,117,
DEU_ss,DEU,O3,F,20.4,86,
DEU_ss,DEU,O8,F,20.91,115,
DEU_ss,DEU,P1,F,20.28,105,
DEU_ss,DEU,P2,F,18.79,90,
DEU_ss,DEU,P3,F,19.49,106,
DEU_ss,DEU,P8,F,17.99,87,
DEU_ss,DEU,P9,F,18.53,92,
DEU_ss,DEU,Q1,F,18.79,94,
ENG_fa,ENG,O1,M,10.93,70,
ENG_fa,ENG,O2,M,14.53,86,
ENG_fa,ENG,O3,M,14.03,85,
ENG_fa,ENG,O4,M,15.94,84,
ENG_fa,ENG,O6,M,12.03,67,
ENG_fa,ENG,O8,M,13.84,84,
ENG_fa,ENG,O9,M,10.07,67,
ENG_fa,ENG,P1,M,16.37,105,
ENG_fa,ENG,P2,M,14.15,76,
ENG_fa,ENG,P3,M,16.03,91,
ENG_fb,ENG,Q0,M,12.15,88,
ENG_fb,ENG,Q1,M,10.26,62,
ENG_fc,ENG,P0,F,13.78,92,
ENG_fc,ENG,P8,F,10.94,77,
ENG_fc,ENG,P9,F,13.16,91,
ENG_fc,ENG,Q0,F,11.52,88,
ENG_fc,ENG,Q1,F,9.79,62,
ENG_fd,ENG,O1,M,9.26,70,
ENG_fd,ENG,O2,M,11.5,86,
ENG_fd,ENG,O3,M,11.01,85,
ENG_fd,ENG,O4,M,13.2,84,
ENG_fd,ENG,O6,M,9.53,67,
ENG_fd,ENG,O8,M,11.21,84,
ENG_fd,ENG,O9,M,8.71,67,
ENG_fe,ENG,O1,M,10.75,70,
ENG_fe,ENG,O2,M,13.41,86,
ENG_fe,ENG,O3,M,12.48,85,
ENG_fe,ENG,O4,M,13.84,84,
ENG_ff,ENG,O6,F,10.73,67,
ENG_ff,ENG,O8,F,13.25,84,
ENG_ff,ENG,O9,F,9.66,67,
ENG_ff,ENG,P0,F,15.65,92,
ENG_ff,ENG,P1,F,14.69,105,
ENG_ff,ENG,P2,F,12.89,76,
ENG_ff,ENG,P3,F,15.86,91,
ENG_ff,ENG,P8,F,12.5,77,
ENG_ff,ENG,P9,F,14.63,91,
ENG_fg,ENG,P0,F,14.99,92,
ENG_fg,ENG,P1,F,14.21,105,
ENG_fg,ENG,P2,F,12.01,76,
ENG_fg,ENG,P3,F,13.84,91,
ENG_fg,ENG,P8,F,11.14,77,
ENG_fg,ENG,P9,F,13.71,91,
ENG_fg,ENG,Q1,F,9.77,62,
ENG_fh,ENG,Q0,F,14.72,88,
ENG_fi,ENG,O1,M,11.67,70,
ENG_fi,ENG,O2,M,15.29,86,
ENG_fi,ENG,O3,M,14.39,85,
ENG_fi,ENG,O4,M,15.77,84,
ENG_fi,ENG,O6,M,11.76,67,
ENG_fi,ENG,O8,M,14.57,84,
ENG_fi,ENG,O9,M,10.34,67,
ENG_fi,ENG,P1,M,16.53,105,
ENG_fi,ENG,P2,M,14.9,76,
ENG_fi,ENG,P3,M,16.86,91,
ENG_fj,ENG,P0,F,16.69,92,
ENG_fj,ENG,P8,F,13.0,77,
ENG_fj,ENG,P9,F,16.27,91,
ENG_fj,ENG,Q0,F,12.84,88,
ENG_fj,ENG,Q1,F,11.35,62,
EUS_F1(Am),EUS,O1,F,12.89,102,28.0
EUS_F1(Am),EUS,O2,F,13.56,106,28.0
EUS_F1(Am),EUS,O3,F,14.24,108,28.0
EUS_F1(Am),EUS,O4,F,16.06,135,28.0
EUS_F1(Am),EUS,O6,F,11.89,107,28.0
EUS_F1(Am),EUS,O8,F,14.78,138,28.0
EUS_F1(Am),EUS,O9,F,7.14,67,28.0
EUS_F1(Am),EUS,P0,F,18.01,142,28.0
EUS_F1(Am),EUS,P1,F,14.05,117,28.0
EUS_F1(Am),EUS,P2,F,12.03,109,28.0
EUS_F1(Am),EUS,P3,F,13.92,119,28.0
EUS_F1(Am),EUS,P8,F,14.66,121,28.0
EUS_F1(Am),EUS,P9,F,14.16,106,28.0
EUS_F1(Am),EUS,Q0,F,14.16,121,28.0
EUS_F1(Am),EUS,Q1,F,10.72,87,28.0
EUS_F2(Ux),EUS,O1,F,14.2,102,19.0
EUS_F2(Ux),EUS,O2,F,14.91,106,19.0
EUS_F2(Ux),EUS,O3,F,16.6,108,19.0
EUS_F2(Ux),EUS,O4,F,18.96,135,19.0
EUS_F2(Ux),EUS,O6,F,14.87,107,19.0
EUS_F2(Ux),EUS,O8,F,18.47,138,19.0
EUS_F2(Ux),EUS,O9,F,9.17,67,19.0
EUS_F2(Ux),EUS,P0,F,19.63,142,19.0
EUS_F2(Ux),EUS,P1,F,16.08,117,19.0
EUS_F2(Ux),EUS,P2,F,15.51,109,19.0
EUS_F2(Ux),EUS,P3,F,17.27,119,19.0
EUS_F2(Ux),EUS,P8,F,17.21,121,19.0
EUS_F2(Ux),EUS,P9,F,16.9,106,19.0
EUS_F2(Ux),EUS,Q0,F,16.95,121,19.0
EUS_F2(Ux),EUS,Q1,F,12.84,87,19.0
EUS_F3(En),EUS,O1,F,13.72,102,30.0
EUS_F3(En),EUS,O2,F,14.51,106,30.0
EUS_F3(En),EUS,O3,F,16.28,108,30.0
EUS_F3(En),EUS,O4,F,17.92,135,30.0
EUS_F3(En),EUS,O6,F,14.25,107,30.0
EUS_F3(En),EUS,O8,F,16.8,138,30.0
EUS_F3(En),EUS,O9,F,8.64,67,30.0
EUS_F3(En),EUS,P0,F,19.46,142,30.0
EUS_F3(En),EUS,P1,F,16.15,117,30.0
EUS_F3(En),EUS,P2,F,14.0,109,30.0
EUS_F3(En),EUS,P3,F,15.47,119,30.0
EUS_F3(En),EUS,P8,F,15.48,121,30.0
EUS_F3(En),EUS,P9,F,15.05,106,30.0
EUS_F3(En),EUS,Q0,F,16.24,121,30.0
EUS_F3(En),EUS,Q1,F,12.22,87,30.0
EUS_F4(Ux2),EUS,O1,F,14.37,102,29.0
EUS_F4(Ux2),EUS,O2,F,16.43,106,29.0
EUS_F4(Ux2),EUS,O3,F,16.76,108,29.0
EUS_F4(Ux2),EUS,O4,F,18.98,135,29.0
EUS_F4(Ux2),EUS,O6,F,15.56,107,29.0
EUS_F4(Ux2),EUS,O8,F,20.54,138,29.0
EUS_F4(Ux2),EUS,O9,F,10.26,67,29.0
EUS_F4(Ux2),EUS,P0,F,20.47,142,29.0
EUS_F4(Ux2),EUS,P1,F,17.66,117,29.0
EUS_F4(Ux2),EUS,P2,F,15.42,109,29.0
EUS_F4(Ux2),EUS,P3,F,16.75,119,29.0
EUS_F4(Ux2),EUS,P8,F,17.89,121,29.0
EUS_F4(Ux2),EUS,P9,F,17.33,106,29.0
EUS_F4(Ux2),EUS,Q0,F,18.1,121,29.0
EUS_F4(Ux2),EUS,Q1,F,12.87,87,29.0
EUS_F5(Am2),EUS,O1,F,12.83,102,31.0
EUS_F5(Am2),EUS,O2,F,15.28,106,31.0
EUS_F5(Am2),EUS,O3,F,15.56,108,31.0
EUS_F5(Am2),EUS,O4,F,16.98,135,31.0
EUS_F5(Am2),EUS,O6,F,13.44,107,31.0
EUS_F5(Am2),EUS,O8,F,16.68,138,31.0
EUS_F5(Am2),EUS,O9,F,8.27,67,31.0
EUS_F5(Am2),EUS,P0,F,18.37,142,31.0
EUS_F5(Am2),EUS,P1,F,15.25,117,31.0
EUS_F5(Am2),EUS,P2,F,12.86,109,31.0
EUS_F5(Am2),EUS,P3,F,14.96,119,31.0
EUS_F5(Am2),EUS,P8,F,15.31,121,31.0
EUS_F5(Am2),EUS,P9,F,15.49,106,31.0
EUS_F5(Am2),EUS,Q0,F,16.39,121,31.0
EUS_F5(Am2),EUS,Q1,F,11.19,87,31.0
EUS_M1(Bo),EUS,O1,M,11.9,102,26.0
EUS_M1(Bo),EUS,O2,M,12.97,106,26.0
EUS_M1(Bo),EUS,O3,M,13.67,108,26.0
EUS_M1(Bo),EUS,O4,M,15.6,135,26.0
EUS_M1(Bo),EUS,O6,M,11.76,107,26.0
EUS_M1(Bo),EUS,O8,M,14.92,138,26.0
EUS_M1(Bo),EUS,O9,M,7.44,67,26.0
EUS_M1(Bo),EUS,P0,M,17.66,142,26.0
EUS_M1(Bo),EUS,P1,M,13.63,117,26.0
EUS_M1(Bo),EUS,P2,M,12.62,109,26.0
EUS_M1(Bo),EUS,P3,M,13.76,119,26.0
EUS_M1(Bo),EUS,P8,M,16.22,121,26.0
EUS_M1(Bo),EUS,P9,M,14.7,106,26.0
EUS_M1(Bo),EUS,Q0,M,15.66,121,26.0
EUS_M1(Bo),EUS,Q1,M,10.8,87,26.0
EUS_M2(Ai),EUS,O1,M,14.52,102,36.0
EUS_M2(Ai),EUS,O2,M,15.8,106,36.0
EUS_M2(Ai),EUS,O3,M,15.23,108,36.0
EUS_M2(Ai),EUS,O4,M,17.92,135,36.0
EUS_M2(Ai),EUS,O6,M,13.85,107,36.0
EUS_M2(Ai),EUS,O8,M,17.25,138,36.0
EUS_M2(Ai),EUS,O9,M,8.49,67,36.0
EUS_M2(Ai),EUS,P0,M,19.41,142,36.0
EUS_M2(Ai),EUS,P1,M,15.23,117,36.0
EUS_M2(Ai),EUS,P2,M,13.39,109,36.0
EUS_M2(Ai),EUS,P3,M,15.41,119,36.0
EUS_M2(Ai),EUS,P8,M,15.98,121,36.0
EUS_M2(Ai),EUS,P9,M,15.67,106,36.0
EUS_M2(Ai),EUS,Q0,M,15.58,121,36.0
EUS_M2(Ai),EUS,Q1,M,11.4,87,36.0
EUS_M3(An),EUS,O1,M,11.47,102,27.0
EUS_M3(An),EUS,O2,M,11.98,106,27.0
EUS_M3(An),EUS,O3,M,14.21,108,27.0
EUS_M3(An),EUS,O4,M,15.19,135,27.0
EUS_M3(An),EUS,O6,M,12.05,107,27.0
EUS_M3(An),EUS,O8,M,15.48,138,27.0
EUS_M3(An),EUS,O9,M,7.31,67,27.0
EUS_M3(An),EUS,P0,M,17.51,142,27.0
EUS_M3(An),EUS,P1,M,13.7,117,27.0
EUS_M3(An),EUS,P2,M,11.81,109,27.0
EUS_M3(An),EUS,P3,M,13.83,119,27.0
EUS_M3(An),EUS,P8,M,14.74,121,27.0
EUS_M3(An),EUS,P9,M,13.75,106,27.0
EUS_M3(An),EUS,Q0,M,14.57,121,27.0
EUS_M3(An),EUS,Q1,M,10.07,87,27.0
EUS_M4(In),EUS,O1,M,14.84,102,22.0
EUS_M4(In),EUS,O2,M,15.95,106,22.0
EUS_M4(In),EUS,O3,M,16.38,108,22.0
EUS_M4(In),EUS,O4,M,19.11,135,22.0
EUS_M4(In),EUS,O6,M,15.68,107,22.0
EUS_M4(In),EUS,O8,M,18.64,138,22.0
EUS_M4(In),EUS,O9,M,8.72,67,22.0
EUS_M4(In),EUS,P0,M,20.65,142,22.0
EUS_M4(In),EUS,P1,M,16.56,117,22.0
EUS_M4(In),EUS,P2,M,14.39,109,22.0
EUS_M4(In),EUS,P3,M,16.3,119,22.0
EUS_M4(In),EUS,P8,M,16.89,121,22.0
EUS_M4(In),EUS,P9,M,16.13,106,22.0
EUS_M4(In),EUS,Q0,M,16.59,121,22.0
EUS_M4(In),EUS,Q1,M,11.97,87,22.0
EUS_M5(Ax),EUS,O1,M,13.76,102,32.0
EUS_M5(Ax),EUS,O2,M,16.55,106,32.0
EUS_M5(Ax),EUS,O3,M,16.79,108,32.0
EUS_M5(Ax),EUS,O4,M,21.53,135,32.0
EUS_M5(Ax),EUS,O6,M,16.13,107,32.0
EUS_M5(Ax),EUS,O8,M,20.77,138,32.0
EUS_M5(Ax),EUS,O9,M,9.62,67,32.0
EUS_M5(Ax),EUS,P0,M,21.28,142,32.0
EUS_M5(Ax),EUS,P1,M,19.06,117,32.0
EUS_M5(Ax),EUS,P2,M,16.0,109,32.0
EUS_M5(Ax),EUS,P3,M,18.12,119,32.0
EUS_M5(Ax),EUS,P8,M,18.03,121,32.0
EUS_M5(Ax),EUS,P9,M,18.2,106,32.0
EUS_M5(Ax),EUS,Q0,M,18.95,121,32.0
EUS_M5(Ax),EUS,Q1,M,13.05,87,32.0
FIN_F1(Ul),FIN,O1,F,12.0,91,30.0
FIN_F1(Ul),FIN,O2,F,14.92,110,30.0
FIN_F1(Ul),FIN,O3,F,14.12,110,30.0
FIN_F1(Ul),FIN,O4,F,17.28,123,30.0
FIN_F1(Ul),FIN,O6,F,11.82,84,30.0
FIN_F1(Ul),FIN,O8,F,15.05,111,30.0
FIN_F1(Ul),FIN,O9,F,9.47,74,30.0
FIN_F1(Ul),FIN,P0,F,15.62,117,30.0
FIN_F1(Ul),FIN,P1,F,14.62,123,30.0
FIN_F1(Ul),FIN,P2,F,12.92,98,30.0
FIN_F1(Ul),FIN,P3,F,15.37,119,30.0
FIN_F1(Ul),FIN,P8,F,13.75,96,30.0
FIN_F1(Ul),FIN,P9,F,15.54,108,30.0
FIN_F1(Ul),FIN,Q0,F,15.59,113,30.0
FIN_F1(Ul),FIN,Q1,F,10.71,83,30.0
FIN_F2(Re),FIN,O1,F,11.79,91,35.0
FIN_F2(Re),FIN,O2,F,13.39,110,35.0
FIN_F2(Re),FIN,O3,F,14.22,110,35.0
FIN_F2(Re),FIN,O4,F,16.58,123,35.0
FIN_F2(Re),FIN,O6,F,11.72,84,35.0
FIN_F2(Re),FIN,O8,F,14.36,111,35.0
FIN_F2(Re),FIN,O9,F,9.47,74,35.0
FIN_F2(Re),FIN,P0,F,14.85,117,35.0
FIN_F2(Re),FIN,P1,F,14.98,123,35.0
FIN_F2(Re),FIN,P2,F,14.02,98,35.0
FIN_F2(Re),FIN,P3,F,15.77,119,35.0
FIN_F2(Re),FIN,P8,F,13.41,96,35.0
FIN_F2(Re),FIN,P9,F,14.6,108,35.0
FIN_F2(Re),FIN,Q0,F,14.94,113,35.0
FIN_F2(Re),FIN,Q1,F,10.33,83,35.0
FIN_F3(Ki),FIN,O1,F,13.14,91,41.0
FIN_F3(Ki),FIN,O2,F,14.11,110,41.0
FIN_F3(Ki),FIN,O3,F,15.61,110,41.0
FIN_F3(Ki),FIN,O4,F,16.92,123,41.0
FIN_F3(Ki),FIN,O6,F,12.05,84,41.0
FIN_F3(Ki),FIN,O8,F,15.12,111,41.0
FIN_F3(Ki),FIN,O9,F,10.2,74,41.0
FIN_F3(Ki),FIN,P0,F,15.3,117,41.0
FIN_F3(Ki),FIN,P1,F,16.49,123,41.0
FIN_F3(Ki),FIN,P2,F,15.27,98,41.0
FIN_F3(Ki),FIN,P3,F,17.01,119,41.0
FIN_F3(Ki),FIN,P8,F,13.22,96,41.0
FIN_F3(Ki),FIN,P9,F,15.65,108,41.0
FIN_F3(Ki),FIN,Q0,F,14.99,113,41.0
FIN_F3(Ki),FIN,Q1,F,11.92,83,41.0
FIN_F4(Pri),FIN,O1,F,12.09,91,16.0
FIN_F4(Pri),FIN,O2,F,15.11,110,16.0
FIN_F4(Pri),FIN,O3,F,15.71,110,16.0
FIN_F4(Pri),FIN,O4,F,17.45,123,16.0
FIN_F4(Pri),FIN,O6,F,12.47,84,16.0
FIN_F4(Pri),FIN,O8,F,15.27,111,16.0
FIN_F4(Pri),FIN,O9,F,9.97,74,16.0
FIN_F4(Pri),FIN,P0,F,16.11,117,16.0
FIN_F4(Pri),FIN,P1,F,16.02,123,16.0
FIN_F4(Pri),FIN,P2,F,15.24,98,16.0
FIN_F4(Pri),FIN,P3,F,16.55,119,16.0
FIN_F4(Pri),FIN,P8,F,14.36,96,16.0
FIN_F4(Pri),FIN,P9,F,15.3,108,16.0
FIN_F4(Pri),FIN,Q0,F,16.21,113,16.0
FIN_F4(Pri),FIN,Q1,F,11.3,83,16.0
FIN_F5(Ma),FIN,O1,F,11.84,91,22.0
FIN_F5(Ma),FIN,O2,F,11.76,110,22.0
FIN_F5(Ma),FIN,O3,F,14.44,110,22.0
FIN_F5(Ma),FIN,O4,F,16.72,123,22.0
FIN_F5(Ma),FIN,O6,F,11.85,84,22.0
FIN_F5(Ma),FIN,O8,F,14.83,111,22.0
FIN_F5(Ma),FIN,O9,F,10.11,74,22.0
FIN_F5(Ma),FIN,P0,F,15.41,117,22.0
FIN_F5(Ma),FIN,P1,F,14.7,123,22.0
FIN_F5(Ma),FIN,P2,F,14.29,98,22.0
FIN_F5(Ma),FIN,P3,F,15.62,119,22.0
FIN_F5(Ma),FIN,P8,F,13.49,96,22.0
FIN_F5(Ma),FIN,P9,F,15.05,108,22.0
FIN_F5(Ma),FIN,Q0,F,15.13,113,22.0
FIN_F5(Ma),FIN,Q1,F,11.34,83,22.0
FIN_M1(Ee),FIN,O1,M,12.27,91,52.0
FIN_M1(Ee),FIN,O2,M,14.16,110,52.0
FIN_M1(Ee),FIN,O3,M,14.66,110,52.0
FIN_M1(Ee),FIN,O4,M,17.12,123,52.0
FIN_M1(Ee),FIN,O6,M,13.19,84,52.0
FIN_M1(Ee),FIN,O8,M,14.67,111,52.0
FIN_M1(Ee),FIN,O9,M,10.51,74,52.0
FIN_M1(Ee),FIN,P0,M,15.61,117,52.0
FIN_M1(Ee),FIN,P1,M,15.5,123,52.0
FIN_M1(Ee),FIN,P2,M,13.91,98,52.0
FIN_M1(Ee),FIN,P3,M,17.21,119,52.0
FIN_M1(Ee),FIN,P8,M,14.39,96,52.0
FIN_M1(Ee),FIN,P9,M,15.68,108,52.0
FIN_M1(Ee),FIN,Q0,M,15.52,113,52.0
FIN_M1(Ee),FIN,Q1,M,11.65,83,52.0
FIN_M2(He),FIN,O1,M,11.57,91,28.0
FIN_M2(He),FIN,O2,M,14.53,110,28.0
FIN_M2(He),FIN,O3,M,14.69,110,28.0
FIN_M2(He),FIN,O4,M,17.44,123,28.0
FIN_M2(He),FIN,O6,M,12.17,84,28.0
FIN_M2(He),FIN,O8,M,15.11,111,28.0
FIN_M2(He),FIN,O9,M,10.04,74,28.0
FIN_M2(He),FIN,P0,M,16.0,117,28.0
FIN_M2(He),FIN,P1,M,16.12,123,28.0
FIN_M2(He),FIN,P2,M,14.87,98,28.0
FIN_M2(He),FIN,P3,M,15.9,119,28.0
FIN_M2(He),FIN,P8,M,13.69,96,28.0
FIN_M2(He),FIN,P9,M,15.16,108,28.0
FIN_M2(He),FIN,Q0,M,15.0,113,28.0
FIN_M2(He),FIN,Q1,M,11.0,83,28.0
FIN_M3(Mi),FIN,O1,M,11.96,91,45.0
FIN_M3(Mi),FIN,O2,M,14.11,110,45.0
FIN_M3(Mi),FIN,O3,M,16.19,110,45.0
FIN_M3(Mi),FIN,O4,M,17.46,123,45.0
FIN_M3(Mi),FIN,O6,M,11.99,84,45.0
FIN_M3(Mi),FIN,O8,M,15.19,111,45.0
FIN_M3(Mi),FIN,O9,M,10.12,74,45.0
FIN_M3(Mi),FIN,P0,M,16.96,117,45.0
FIN_M3(Mi),FIN,P1,M,17.1,123,45.0
FIN_M3(Mi),FIN,P2,M,14.72,98,45.0
FIN_M3(Mi),FIN,P3,M,16.34,119,45.0
FIN_M3(Mi),FIN,P8,M,14.32,96,45.0
FIN_M3(Mi),FIN,P9,M,15.28,108,45.0
FIN_M3(Mi),FIN,Q0,M,16.35,113,45.0
FIN_M3(Mi),FIN,Q1,M,11.48,83,45.0
FIN_M4(Ma),FIN,O1,M,14.32,91,37.0
FIN_M4(Ma),FIN,O2,M,18.48,110,37.0
FIN_M4(Ma),FIN,O3,M,19.08,110,37.0
FIN_M4(Ma),FIN,O4,M,21.4,123,37.0
FIN_M4(Ma),FIN,O6,M,15.23,84,37.0
FIN_M4(Ma),FIN,O8,M,18.74,111,37.0
FIN_M4(Ma),FIN,O9,M,13.27,74,37.0
FIN_M4(Ma),FIN,P0,M,19.75,117,37.0
FIN_M4(Ma),FIN,P1,M,20.45,123,37.0
FIN_M4(Ma),FIN,P2,M,18.73,98,37.0
FIN_M4(Ma),FIN,P3,M,19.05,119,37.0
FIN_M4(Ma),FIN,P8,M,17.48,96,37.0
FIN_M4(Ma),FIN,P9,M,19.52,108,37.0
FIN_M4(Ma),FIN,Q0,M,19.27,113,37.0
FIN_M4(Ma),FIN,Q1,M,14.22,83,37.0
FIN_M5(Mt),FIN,O1,M,11.82,91,26.0
FIN_M5(Mt),FIN,O2,M,14.77,110,26.0
FIN_M5(Mt),FIN,O3,M,14.35,110,26.0
FIN_M5(Mt),FIN,O4,M,17.81,123,26.0
FIN_M5(Mt),FIN,O6,M,12.73,84,26.0
FIN_M5(Mt),FIN,O8,M,15.13,111,26.0
FIN_M5(Mt),FIN,O9,M,9.78,74,26.0
FIN_M5(Mt),FIN,P0,M,15.65,117,26.0
FIN_M5(Mt),FIN,P1,M,15.45,123,26.0
FIN_M5(Mt),FIN,P2,M,15.1,98,26.0
FIN_M5(Mt),FIN,P3,M,16.15,119,26.0
FIN_M5(Mt),FIN,P8,M,13.89,96,26.0
FIN_M5(Mt),FIN,P9,M,15.16,108,26.0
FIN_M5(Mt),FIN,Q0,M,15.32,113,26.0
FIN_M5(Mt),FIN,Q1,M,11.96,83,26.0
FRA_F1(Je),FRA,O1,F,12.93,87,25.0
FRA_F1(Je),FRA,O2,F,15.41,106,25.0
FRA_F1(Je),FRA,O3,F,14.92,95,25.0
FRA_F1(Je),FRA,O4,F,15.56,93,25.0
FRA_F1(Je),FRA,O6,F,12.65,77,25.0
FRA_F1(Je),FRA,O8,F,14.57,94,25.0
FRA_F1(Je),FRA,O9,F,9.52,65,25.0
FRA_F1(Je),FRA,P0,F,16.57,100,25.0
FRA_F1(Je),FRA,P1,F,16.01,104,25.0
FRA_F1(Je),FRA,P2,F,12.97,88,25.0
FRA_F1(Je),FRA,P3,F,16.85,107,25.0
FRA_F1(Je),FRA,P8,F,15.75,95,25.0
FRA_F1(Je),FRA,P9,F,15.66,92,25.0
FRA_F1(Je),FRA,Q0,F,14.87,99,25.0
FRA_F1(Je),FRA,Q1,F,11.05,68,25.0
FRA_F2(Be),FRA,O1,F,13.24,87,41.0
FRA_F2(Be),FRA,O2,F,14.65,106,41.0
FRA_F2(Be),FRA,O3,F,13.95,95,41.0
FRA_F2(Be),FRA,O4,F,15.25,93,41.0
FRA_F2(Be),FRA,O6,F,12.53,77,41.0
FRA_F2(Be),FRA,O8,F,13.5,94,41.0
FRA_F2(Be),FRA,O9,F,9.61,65,41.0
FRA_F2(Be),FRA,P0,F,16.35,100,41.0
FRA_F2(Be),FRA,P1,F,16.87,104,41.0
FRA_F2(Be),FRA,P2,F,13.04,88,41.0
FRA_F2(Be),FRA,P3,F,16.99,107,41.0
FRA_F2(Be),FRA,P8,F,14.33,95,41.0
FRA_F2(Be),FRA,P9,F,14.82,92,41.0
FRA_F2(Be),FRA,Q0,F,15.65,99,41.0
FRA_F2(Be),FRA,Q1,F,11.18,68,41.0
FRA_F3(Ma),FRA,O1,F,11.67,87,28.0
FRA_F3(Ma),FRA,O2,F,14.35,106,28.0
FRA_F3(Ma),FRA,O3,F,13.25,95,28.0
FRA_F3(Ma),FRA,O4,F,14.29,93,28.0
FRA_F3(Ma),FRA,O6,F,10.85,77,28.0
FRA_F3(Ma),FRA,O8,F,13.35,94,28.0
FRA_F3(Ma),FRA,O9,F,9.67,65,28.0
FRA_F3(Ma),FRA,P0,F,14.74,100,28.0
FRA_F3(Ma),FRA,P1,F,14.61,104,28.0
FRA_F3(Ma),FRA,P2,F,12.42,88,28.0
FRA_F3(Ma),FRA,P3,F,15.59,107,28.0
FRA_F3(Ma),FRA,P8,F,13.41,95,28.0
FRA_F3(Ma),FRA,P9,F,13.99,92,28.0
FRA_F3(Ma),FRA,Q0,F,13.65,99,28.0
FRA_F3(Ma),FRA,Q1,F,10.23,68,28.0
FRA_F4(Lu),FRA,O1,F,12.51,87,24.0
FRA_F4(Lu),FRA,O2,F,15.19,106,24.0
FRA_F4(Lu),FRA,O3,F,13.5,95,24.0
FRA_F4(Lu),FRA,O4,F,14.09,93,24.0
FRA_F4(Lu),FRA,O6,F,12.73,77,24.0
FRA_F4(Lu),FRA,O8,F,14.24,94,24.0
FRA_F4(Lu),FRA,O9,F,9.87,65,24.0
FRA_F4(Lu),FRA,P0,F,15.99,100,24.0
FRA_F4(Lu),FRA,P1,F,16.19,104,24.0
FRA_F4(Lu),FRA,P2,F,13.21,88,24.0
FRA_F4(Lu),FRA,P3,F,16.78,107,24.0
FRA_F4(Lu),FRA,P8,F,13.51,95,24.0
FRA_F4(Lu),FRA,P9,F,14.64,92,24.0
FRA_F4(Lu),FRA,Q0,F,14.35,99,24.0
FRA_F4(Lu),FRA,Q1,F,10.76,68,24.0
FRA_F5(Na),FRA,O1,F,13.27,87,46.0
FRA_F5(Na),FRA,O2,F,16.23,106,46.0
FRA_F5(Na),FRA,O3,F,15.27,95,46.0
FRA_F5(Na),FRA,O4,F,17.0,93,46.0
FRA_F5(Na),FRA,O6,F,13.05,77,46.0
FRA_F5(Na),FRA,O8,F,14.97,94,46.0
FRA_F5(Na),FRA,O9,F,10.97,65,46.0
FRA_F5(Na),FRA,P0,F,17.89,100,46.0
FRA_F5(Na),FRA,P1,F,17.76,104,46.0
FRA_F5(Na),FRA,P2,F,13.79,88,46.0
FRA_F5(Na),FRA,P3,F,19.67,107,46.0
FRA_F5(Na),FRA,P8,F,15.01,95,46.0
FRA_F5(Na),FRA,P9,F,16.33,92,46.0
FRA_F5(Na),FRA,Q0,F,15.71,99,46.0
FRA_F5(Na),FRA,Q1,F,11.73,68,46.0
FRA_M1(Se),FRA,O1,M,11.05,87,37.0
FRA_M1(Se),FRA,O2,M,13.16,106,37.0
FRA_M1(Se),FRA,O3,M,12.78,95,37.0
FRA_M1(Se),FRA,O4,M,12.67,93,37.0
FRA_M1(Se),FRA,O6,M,11.46,77,37.0
FRA_M1(Se),FRA,O8,M,12.55,94,37.0
FRA_M1(Se),FRA,O9,M,9.32,65,37.0
FRA_M1(Se),FRA,P0,M,13.46,100,37.0
FRA_M1(Se),FRA,P1,M,13.81,104,37.0
FRA_M1(Se),FRA,P2,M,12.37,88,37.0
FRA_M1(Se),FRA,P3,M,14.54,107,37.0
FRA_M1(Se),FRA,P8,M,11.45,95,37.0
FRA_M1(Se),FRA,P9,M,13.29,92,37.0
FRA_M1(Se),FRA,Q0,M,11.95,99,37.0
FRA_M1(Se),FRA,Q1,M,9.18,68,37.0
FRA_M2(Ar),FRA,O1,M,11.86,87,36.0
FRA_M2(Ar),FRA,O2,M,14.84,106,36.0
FRA_M2(Ar),FRA,O3,M,14.07,95,36.0
FRA_M2(Ar),FRA,O4,M,13.64,93,36.0
FRA_M2(Ar),FRA,O6,M,12.25,77,36.0
FRA_M2(Ar),FRA,O8,M,14.05,94,36.0
FRA_M2(Ar),FRA,O9,M,10.22,65,36.0
FRA_M2(Ar),FRA,P0,M,16.96,100,36.0
FRA_M2(Ar),FRA,P1,M,15.98,104,36.0
FRA_M2(Ar),FRA,P2,M,12.51,88,36.0
FRA_M2(Ar),FRA,P3,M,15.91,107,36.0
FRA_M2(Ar),FRA,P8,M,12.99,95,36.0
FRA_M2(Ar),FRA,P9,M,13.21,92,36.0
FRA_M2(Ar),FRA,Q0,M,14.08,99,36.0
FRA_M2(Ar),FRA,Q1,M,10.3,68,36.0
FRA_M3(Pi),FRA,O1,M,12.06,87,27.0
FRA_M3(Pi),FRA,O2,M,15.34,106,27.0
FRA_M3(Pi),FRA,O3,M,14.23,95,27.0
FRA_M3(Pi),FRA,O4,M,15.32,93,27.0
FRA_M3(Pi),FRA,O6,M,11.5,77,27.0
FRA_M3(Pi),FRA,O8,M,12.59,94,27.0
FRA_M3(Pi),FRA,O9,M,10.07,65,27.0
FRA_M3(Pi),FRA,P0,M,15.25,100,27.0
FRA_M3(Pi),FRA,P1,M,14.58,104,27.0
FRA_M3(Pi),FRA,P2,M,12.02,88,27.0
FRA_M3(Pi),FRA,P3,M,17.46,107,27.0
FRA_M3(Pi),FRA,P8,M,12.61,95,27.0
FRA_M3(Pi),FRA,P9,M,13.93,92,27.0
FRA_M3(Pi),FRA,Q0,M,15.32,99,27.0
FRA_M3(Pi),FRA,Q1,M,10.29,68,27.0
FRA_M4(No),FRA,O1,M,10.6,87,25.0
FRA_M4(No),FRA,O2,M,11.99,106,25.0
FRA_M4(No),FRA,O3,M,11.85,95,25.0
FRA_M4(No),FRA,O4,M,13.06,93,25.0
FRA_M4(No),FRA,O6,M,9.92,77,25.0
FRA_M4(No),FRA,O8,M,10.97,94,25.0
FRA_M4(No),FRA,O9,M,7.9,65,25.0
FRA_M4(No),FRA,P0,M,13.73,100,25.0
FRA_M4(No),FRA,P1,M,13.76,104,25.0
FRA_M4(No),FRA,P2,M,10.77,88,25.0
FRA_M4(No),FRA,P3,M,14.12,107,25.0
FRA_M4(No),FRA,P8,M,11.27,95,25.0
FRA_M4(No),FRA,P9,M,13.19,92,25.0
FRA_M4(No),FRA,Q0,M,12.1,99,25.0
FRA_M4(No),FRA,Q1,M,9.39,68,25.0
FRA_M5(Chr),FRA,O1,M,11.2,87,36.0
FRA_M5(Chr),FRA,O2,M,13.62,106,36.0
FRA_M5(Chr),FRA,O3,M,12.63,95,36.0
FRA_M5(Chr),FRA,O4,M,13.92,93,36.0
FRA_M5(Chr),FRA,O6,M,11.11,77,36.0
FRA_M5(Chr),FRA,O8,M,11.77,94,36.0
FRA_M5(Chr),FRA,O9,M,8.3,65,36.0
FRA_M5(Chr),FRA,P0,M,14.33,100,36.0
FRA_M5(Chr),FRA,P1,M,14.12,104,36.0
FRA_M5(Chr),FRA,P2,M,11.94,88,36.0
FRA_M5(Chr),FRA,P3,M,15.14,107,36.0
FRA_M5(Chr),FRA,P8,M,12.65,95,36.0
FRA_M5(Chr),FRA,P9,M,13.37,92,36.0
FRA_M5(Chr),FRA,Q0,M,12.59,99,36.0
FRA_M5(Chr),FRA,Q1,M,9.35,68,36.0
HUN_F1(An),HUN,O1,F,17.01,89,39.0
HUN_F1(An),HUN,O2,F,23.12,112,39.0
HUN_F1(An),HUN,O3,F,20.55,100,39.0
HUN_F1(An),HUN,O4,F,25.61,124,39.0
HUN_F1(An),HUN,O6,F,15.58,72,39.0
HUN_F1(An),HUN,O8,F,20.13,99,39.0
HUN_F1(An),HUN,O9,F,14.9,82,39.0
HUN_F1(An),HUN,P0,F,24.72,122,39.0
HUN_F1(An),HUN,P1,F,22.9,112,39.0
HUN_F1(An),HUN,P2,F,19.78,105,39.0
HUN_F1(An),HUN,P3,F,23.26,113,39.0
HUN_F1(An),HUN,P8,F,19.6,101,39.0
HUN_F1(An),HUN,P9,F,22.63,117,39.0
HUN_F1(An),HUN,Q0,F,21.28,103,39.0
HUN_F1(An),HUN,Q1,F,20.15,98,39.0
HUN_F2(Ga),HUN,O1,F,14.73,89,33.0
HUN_F2(Ga),HUN,O2,F,18.97,112,33.0
HUN_F2(Ga),HUN,O3,F,18.33,100,33.0
HUN_F2(Ga),HUN,O4,F,20.91,124,33.0
HUN_F2(Ga),HUN,O6,F,12.79,72,33.0
HUN_F2(Ga),HUN,O8,F,17.5,99,33.0
HUN_F2(Ga),HUN,O9,F,12.76,82,33.0
HUN_F2(Ga),HUN,P0,F,20.97,122,33.0
HUN_F2(Ga),HUN,P1,F,19.67,112,33.0
HUN_F2(Ga),HUN,P2,F,17.52,105,33.0
HUN_F2(Ga),HUN,P3,F,19.62,113,33.0
HUN_F2(Ga),HUN,P8,F,16.97,101,33.0
HUN_F2(Ga),HUN,P9,F,19.38,117,33.0
HUN_F2(Ga),HUN,Q0,F,18.07,103,33.0
HUN_F2(Ga),HUN,Q1,F,16.56,98,33.0
HUN_F3(Il),HUN,O1,F,18.59,89,51.0
HUN_F3(Il),HUN,O2,F,23.51,112,51.0
HUN_F3(Il),HUN,O3,F,22.32,100,51.0
HUN_F3(Il),HUN,O4,F,27.6,124,51.0
HUN_F3(Il),HUN,O6,F,16.14,72,51.0
HUN_F3(Il),HUN,O8,F,22.01,99,51.0
HUN_F3(Il),HUN,O9,F,16.71,82,51.0
HUN_F3(Il),HUN,P0,F,28.01,122,51.0
HUN_F3(Il),HUN,P1,F,25.68,112,51.0
HUN_F3(Il),HUN,P2,F,18.32,105,51.0
HUN_F3(Il),HUN,P3,F,25.32,113,51.0
HUN_F3(Il),HUN,P8,F,20.91,101,51.0
HUN_F3(Il),HUN,P9,F,24.71,117,51.0
HUN_F3(Il),HUN,Q0,F,20.91,103,51.0
HUN_F3(Il),HUN,Q1,F,19.96,98,51.0
HUN_F4(As),HUN,O1,F,15.32,89,57.0
HUN_F4(As),HUN,O2,F,19.2,112,57.0
HUN_F4(As),HUN,O3,F,17.86,100,57.0
HUN_F4(As),HUN,O4,F,21.64,124,57.0
HUN_F4(As),HUN,O6,F,12.79,72,57.0
HUN_F4(As),HUN,O8,F,17.01,99,57.0
HUN_F4(As),HUN,O9,F,13.06,82,57.0
HUN_F4(As),HUN,P0,F,21.53,122,57.0
HUN_F4(As),HUN,P1,F,19.8,112,57.0
HUN_F4(As),HUN,P2,F,17.54,105,57.0
HUN_F4(As),HUN,P3,F,19.78,113,57.0
HUN_F4(As),HUN,P8,F,17.3,101,57.0
HUN_F4(As),HUN,P9,F,19.55,117,57.0
HUN_F4(As),HUN,Q0,F,17.93,103,57.0
HUN_F4(As),HUN,Q1,F,16.66,98,57.0
HUN_F5(Ju),HUN,O1,F,12.45,89,31.0
HUN_F5(Ju),HUN,O2,F,16.26,112,31.0
HUN_F5(Ju),HUN,O3,F,15.28,100,31.0
HUN_F5(Ju),HUN,O4,F,18.28,124,31.0
HUN_F5(Ju),HUN,O6,F,11.14,72,31.0
HUN_F5(Ju),HUN,O8,F,14.6,99,31.0
HUN_F5(Ju),HUN,O9,F,11.12,82,31.0
HUN_F5(Ju),HUN,P0,F,18.41,122,31.0
HUN_F5(Ju),HUN,P1,F,16.73,112,31.0
HUN_F5(Ju),HUN,P2,F,14.57,105,31.0
HUN_F5(Ju),HUN,P3,F,17.15,113,31.0
HUN_F5(Ju),HUN,P8,F,15.11,101,31.0
HUN_F5(Ju),HUN,P9,F,16.78,117,31.0
HUN_F5(Ju),HUN,Q0,F,15.36,103,31.0
HUN_F5(Ju),HUN,Q1,F,14.38,98,31.0
HUN_M1(Ar),HUN,O1,M,15.5,89,42.0
HUN_M1(Ar),HUN,O2,M,20.39,112,42.0
HUN_M1(Ar),HUN,O3,M,18.92,100,42.0
HUN_M1(Ar),HUN,O4,M,22.21,124,42.0
HUN_M1(Ar),HUN,O6,M,13.6,72,42.0
HUN_M1(Ar),HUN,O8,M,18.95,99,42.0
HUN_M1(Ar),HUN,O9,M,14.75,82,42.0
HUN_M1(Ar),HUN,P0,M,23.16,122,42.0
HUN_M1(Ar),HUN,P1,M,21.77,112,42.0
HUN_M1(Ar),HUN,P2,M,19.18,105,42.0
HUN_M1(Ar),HUN,P3,M,21.91,113,42.0
HUN_M1(Ar),HUN,P8,M,18.8,101,42.0
HUN_M1(Ar),HUN,P9,M,20.83,117,42.0
HUN_M1(Ar),HUN,Q0,M,20.16,103,42.0
HUN_M1(Ar),HUN,Q1,M,18.26,98,42.0
HUN_M2(Ma),HUN,O1,M,13.21,89,27.0
HUN_M2(Ma),HUN,O2,M,17.31,112,27.0
HUN_M2(Ma),HUN,O3,M,17.75,100,27.0
HUN_M2(Ma),HUN,O4,M,19.43,124,27.0
HUN_M2(Ma),HUN,O6,M,12.27,72,27.0
HUN_M2(Ma),HUN,O8,M,15.95,99,27.0
HUN_M2(Ma),HUN,O9,M,12.61,82,27.0
HUN_M2(Ma),HUN,P0,M,19.38,122,27.0
HUN_M2(Ma),HUN,P1,M,17.98,112,27.0
HUN_M2(Ma),HUN,P2,M,15.94,105,27.0
HUN_M2(Ma),HUN,P3,M,17.92,113,27.0
HUN_M2(Ma),HUN,P8,M,15.43,101,27.0
HUN_M2(Ma),HUN,P9,M,17.26,117,27.0
HUN_M2(Ma),HUN,Q0,M,16.2,103,27.0
HUN_M2(Ma),HUN,Q1,M,14.88,98,27.0
HUN_M3(Er),HUN,O1,M,13.9,89,27.0
HUN_M3(Er),HUN,O2,M,16.83,112,27.0
HUN_M3(Er),HUN,O3,M,15.99,100,27.0
HUN_M3(Er),HUN,O4,M,18.69,124,27.0
HUN_M3(Er),HUN,O6,M,10.97,72,27.0
HUN_M3(Er),HUN,O8,M,15.54,99,27.0
HUN_M3(Er),HUN,O9,M,11.15,82,27.0
HUN_M3(Er),HUN,P0,M,18.35,122,27.0
HUN_M3(Er),HUN,P1,M,17.3,112,27.0
HUN_M3(Er),HUN,P2,M,15.43,105,27.0
HUN_M3(Er),HUN,P3,M,17.25,113,27.0
HUN_M3(Er),HUN,P8,M,14.86,101,27.0
HUN_M3(Er),HUN,P9,M,17.59,117,27.0
HUN_M3(Er),HUN,Q0,M,15.8,103,27.0
HUN_M3(Er),HUN,Q1,M,14.73,98,27.0
HUN_M4(Ga),HUN,O1,M,14.82,89,69.0
HUN_M4(Ga),HUN,O2,M,18.58,112,69.0
HUN_M4(Ga),HUN,O3,M,17.55,100,69.0
HUN_M4(Ga),HUN,O4,M,20.12,124,69.0
HUN_M4(Ga),HUN,O6,M,12.29,72,69.0
HUN_M4(Ga),HUN,O8,M,17.12,99,69.0
HUN_M4(Ga),HUN,O9,M,12.74,82,69.0
HUN_M4(Ga),HUN,P0,M,20.04,122,69.0
HUN_M4(Ga),HUN,P1,M,19.06,112,69.0
HUN_M4(Ga),HUN,P2,M,15.86,105,69.0
HUN_M4(Ga),HUN,P3,M,18.45,113,69.0
HUN_M4(Ga),HUN,P8,M,16.32,101,69.0
HUN_M4(Ga),HUN,P9,M,17.91,117,69.0
HUN_M4(Ga),HUN,Q0,M,16.74,103,69.0
HUN_M4(Ga),HUN,Q1,M,15.41,98,69.0
HUN_M5(Mi),HUN,O1,M,14.83,89,17.0
HUN_M5(Mi),HUN,O2,M,18.65,112,17.0
HUN_M5(Mi),HUN,O3,M,18.56,100,17.0
HUN_M5(Mi),HUN,O4,M,20.44,124,17.0
HUN_M5(Mi),HUN,O6,M,11.92,72,17.0
HUN_M5(Mi),HUN,O8,M,16.45,99,17.0
HUN_M5(Mi),HUN,O9,M,12.87,82,17.0
HUN_M5(Mi),HUN,P0,M,20.46,122,17.0
HUN_M5(Mi),HUN,P1,M,19.06,112,17.0
HUN_M5(Mi),HUN,P2,M,17.24,105,17.0
HUN_M5(Mi),HUN,P3,M,18.11,113,17.0
HUN_M5(Mi),HUN,P8,M,16.58,101,17.0
HUN_M5(Mi),HUN,P9,M,19.54,117,17.0
HUN_M5(Mi),HUN,Q0,M,17.16,103,17.0
HUN_M5(Mi),HUN,Q1,M,16.99,98,17.0
ITA_a0,ITA,O4,F,12.36,83,
ITA_a0,ITA,O6,F,12.57,86,
ITA_a0,ITA,O8,F,16.41,109,
ITA_a0,ITA,O9,F,9.89,68,
ITA_a0,ITA,P0,F,19.67,123,
ITA_a0,ITA,P8,F,16.89,110,
ITA_a0,ITA,P9,F,15.4,100,
ITA_a0,ITA,Q1,F,15.61,106,
ITA_ag,ITA,O1,M,10.0,89,
ITA_ag,ITA,O2,M,12.66,113,
ITA_ag,ITA,O3,M,11.64,100,
ITA_ag,ITA,P1,M,12.23,109,
ITA_ag,ITA,P2,M,12.93,117,
ITA_ag,ITA,P3,M,12.91,111,
ITA_au,ITA,O1,M,12.52,89,
ITA_au,ITA,O2,M,16.09,113,
ITA_au,ITA,O3,M,15.91,100,
ITA_b4,ITA,O4,M,14.62,83,
ITA_b4,ITA,O6,M,15.4,86,
ITA_b4,ITA,P8,M,20.15,110,
ITA_b4,ITA,P9,M,17.89,100,
ITA_b4,ITA,Q0,M,19.2,110,
ITA_b4,ITA,Q1,M,19.34,106,
ITA_b6,ITA,O8,F,12.64,109,
ITA_b6,ITA,O9,F,8.77,68,
ITA_b6,ITA,P0,F,16.46,123,
ITA_b6,ITA,P1,F,14.51,109,
ITA_b6,ITA,P2,F,15.66,117,
ITA_b6,ITA,P3,F,15.47,111,
ITA_b7,ITA,O4,M,11.53,83,
ITA_b7,ITA,O6,M,12.58,86,
ITA_b7,ITA,P8,M,15.37,110,
ITA_b7,ITA,P9,M,12.85,100,
ITA_b7,ITA,Q0,M,15.0,110,
ITA_b7,ITA,Q1,M,14.54,106,
ITA_ba,ITA,O1,F,16.42,89,
ITA_ba,ITA,O2,F,19.03,113,
ITA_ba,ITA,O3,F,19.26,100,
ITA_ba,ITA,Q0,F,19.19,110,
ITA_bf,ITA,O1,F,14.15,89,
ITA_bf,ITA,O2,F,15.77,113,
ITA_bf,ITA,O3,F,14.64,100,
ITA_bk,ITA,O4,M,10.99,83,
ITA_bk,ITA,O8,M,12.37,109,
ITA_bk,ITA,O9,M,8.79,68,
ITA_bk,ITA,P0,M,16.41,123,
ITA_bk,ITA,P1,M,13.92,109,
ITA_bk,ITA,P2,M,13.53,117,
ITA_bk,ITA,P3,M,13.37,111,
ITA_bk,ITA,P9,M,12.48,100,
ITA_bl,ITA,O6,F,11.49,86,
ITA_bl,ITA,P8,F,15.04,110,
ITA_bl,ITA,Q0,F,14.14,110,
ITA_bl,ITA,Q1,F,13.97,106,
JPN_F1(Ma),JPN,O1,F,15.86,119,20.0
JPN_F1(Ma),JPN,O2,F,22.34,162,20.0
JPN_F1(Ma),JPN,O3,F,21.28,153,20.0
JPN_F1(Ma),JPN,O4,F,21.1,154,20.0
JPN_F1(Ma),JPN,O6,F,17.61,129,20.0
JPN_F1(Ma),JPN,O8,F,21.06,159,20.0
JPN_F1(Ma),JPN,O9,F,10.69,83,20.0
JPN_F1(Ma),JPN,P0,F,20.93,156,20.0
JPN_F1(Ma),JPN,P1,F,17.43,131,20.0
JPN_F1(Ma),JPN,P2,F,19.67,142,20.0
JPN_F1(Ma),JPN,P3,F,19.45,152,20.0
JPN_F1(Ma),JPN,P8,F,15.64,117,20.0
JPN_F1(Ma),JPN,P9,F,18.46,139,20.0
JPN_F1(Ma),JPN,Q0,F,19.21,150,20.0
JPN_F1(Ma),JPN,Q1,F,16.17,126,20.0
JPN_F2(Hi),JPN,O1,F,14.8,119,20.0
JPN_F2(Hi),JPN,O2,F,20.64,162,20.0
JPN_F2(Hi),JPN,O3,F,19.42,153,20.0
JPN_F2(Hi),JPN,O4,F,20.0,154,20.0
JPN_F2(Hi),JPN,O6,F,16.44,129,20.0
JPN_F2(Hi),JPN,O8,F,19.88,159,20.0
JPN_F2(Hi),JPN,O9,F,10.68,83,20.0
JPN_F2(Hi),JPN,P0,F,19.77,156,20.0
JPN_F2(Hi),JPN,P1,F,16.43,131,20.0
JPN_F2(Hi),JPN,P2,F,18.56,142,20.0
JPN_F2(Hi),JPN,P3,F,18.34,152,20.0
JPN_F2(Hi),JPN,P8,F,15.29,117,20.0
JPN_F2(Hi),JPN,P9,F,17.42,139,20.0
JPN_F2(Hi),JPN,Q0,F,18.54,150,20.0
JPN_F2(Hi),JPN,Q1,F,15.64,126,20.0
JPN_F3(Ju),JPN,O1,F,14.81,119,53.0
JPN_F3(Ju),JPN,O2,F,19.91,162,53.0
JPN_F3(Ju),JPN,O3,F,20.43,153,53.0
JPN_F3(Ju),JPN,O4,F,20.33,154,53.0
JPN_F3(Ju),JPN,O6,F,16.41,129,53.0
JPN_F3(Ju),JPN,O8,F,19.45,159,53.0
JPN_F3(Ju),JPN,O9,F,10.22,83,53.0
JPN_F3(Ju),JPN,P0,F,20.67,156,53.0
JPN_F3(Ju),JPN,P1,F,16.43,131,53.0
JPN_F3(Ju),JPN,P2,F,18.06,142,53.0
JPN_F3(Ju),JPN,P3,F,19.13,152,53.0
JPN_F3(Ju),JPN,P8,F,14.92,117,53.0
JPN_F3(Ju),JPN,P9,F,17.9,139,53.0
JPN_F3(Ju),JPN,Q0,F,17.92,150,53.0
JPN_F3(Ju),JPN,Q1,F,16.23,126,53.0
JPN_F4(Ay),JPN,O1,F,15.99,119,29.0
JPN_F4(Ay),JPN,O2,F,22.34,162,29.0
JPN_F4(Ay),JPN,O3,F,21.89,153,29.0
JPN_F4(Ay),JPN,O4,F,21.61,154,29.0
JPN_F4(Ay),JPN,O6,F,18.68,129,29.0
JPN_F4(Ay),JPN,O8,F,20.49,159,29.0
JPN_F4(Ay),JPN,O9,F,11.59,83,29.0
JPN_F4(Ay),JPN,P0,F,22.39,156,29.0
JPN_F4(Ay),JPN,P1,F,17.82,131,29.0
JPN_F4(Ay),JPN,P2,F,20.78,142,29.0
JPN_F4(Ay),JPN,P3,F,20.01,152,29.0
JPN_F4(Ay),JPN,P8,F,16.38,117,29.0
JPN_F4(Ay),JPN,P9,F,19.0,139,29.0
JPN_F4(Ay),JPN,Q0,F,19.91,150,29.0
JPN_F4(Ay),JPN,Q1,F,17.1,126,29.0
JPN_F5(Mi),JPN,O1,F,15.43,119,22.0
JPN_F5(Mi),JPN,O2,F,20.43,162,22.0
JPN_F5(Mi),JPN,O3,F,19.71,153,22.0
JPN_F5(Mi),JPN,O4,F,19.96,154,22.0
JPN_F5(Mi),JPN,O6,F,16.61,129,22.0
JPN_F5(Mi),JPN,O8,F,20.04,159,22.0
JPN_F5(Mi),JPN,O9,F,10.3,83,22.0
JPN_F5(Mi),JPN,P0,F,20.67,156,22.0
JPN_F5(Mi),JPN,P1,F,16.75,131,22.0
JPN_F5(Mi),JPN,P2,F,18.64,142,22.0
JPN_F5(Mi),JPN,P3,F,20.12,152,22.0
JPN_F5(Mi),JPN,P8,F,14.94,117,22.0
JPN_F5(Mi),JPN,P9,F,17.97,139,22.0
JPN_F5(Mi),JPN,Q0,F,18.21,150,22.0
JPN_F5(Mi),JPN,Q1,F,15.95,126,22.0
JPN_M1(Ni),JPN,O1,M,13.03,119,51.0
JPN_M1(Ni),JPN,O2,M,19.36,162,51.0
JPN_M1(Ni),JPN,O3,M,17.58,153,51.0
JPN_M1(Ni),JPN,O4,M,17.41,154,51.0
JPN_M1(Ni),JPN,O6,M,15.54,129,51.0
JPN_M1(Ni),JPN,O8,M,17.35,159,51.0
JPN_M1(Ni),JPN,O9,M,8.97,83,51.0
JPN_M1(Ni),JPN,P0,M,18.14,156,51.0
JPN_M1(Ni),JPN,P1,M,14.33,131,51.0
JPN_M1(Ni),JPN,P2,M,16.47,142,51.0
JPN_M1(Ni),JPN,P3,M,16.45,152,51.0
JPN_M1(Ni),JPN,P8,M,12.91,117,51.0
JPN_M1(Ni),JPN,P9,M,15.65,139,51.0
JPN_M1(Ni),JPN,Q0,M,16.42,150,51.0
JPN_M1(Ni),JPN,Q1,M,14.63,126,51.0
JPN_M2(Shi),JPN,O1,M,15.16,119,40.0
JPN_M2(Shi),JPN,O2,M,18.46,162,40.0
JPN_M2(Shi),JPN,O3,M,18.91,153,40.0
JPN_M2(Shi),JPN,O4,M,18.77,154,40.0
JPN_M2(Shi),JPN,O6,M,16.34,129,40.0
JPN_M2(Shi),JPN,O8,M,18.85,159,40.0
JPN_M2(Shi),JPN,O9,M,9.61,83,40.0
JPN_M2(Shi),JPN,P0,M,20.26,156,40.0
JPN_M2(Shi),JPN,P1,M,15.62,131,40.0
JPN_M2(Shi),JPN,P2,M,16.96,142,40.0
JPN_M2(Shi),JPN,P3,M,17.49,152,40.0
JPN_M2(Shi),JPN,P8,M,13.41,117,40.0
JPN_M2(Shi),JPN,P9,M,16.75,139,40.0
JPN_M2(Shi),JPN,Q0,M,18.01,150,40.0
JPN_M2(Shi),JPN,Q1,M,14.46,126,40.0
JPN_M3(Ke),JPN,O1,M,13.83,119,22.0
JPN_M3(Ke),JPN,O2,M,20.88,162,22.0
JPN_M3(Ke),JPN,O3,M,20.34,153,22.0
JPN_M3(Ke),JPN,O4,M,18.82,154,22.0
JPN_M3(Ke),JPN,O6,M,15.48,129,22.0
JPN_M3(Ke),JPN,O8,M,18.86,159,22.0
JPN_M3(Ke),JPN,O9,M,9.72,83,22.0
JPN_M3(Ke),JPN,P0,M,19.06,156,22.0
JPN_M3(Ke),JPN,P1,M,16.22,131,22.0
JPN_M3(Ke),JPN,P2,M,18.16,142,22.0
JPN_M3(Ke),JPN,P3,M,17.6,152,22.0
JPN_M3(Ke),JPN,P8,M,14.19,117,22.0
JPN_M3(Ke),JPN,P9,M,16.11,139,22.0
JPN_M3(Ke),JPN,Q0,M,16.95,150,22.0
JPN_M3(Ke),JPN,Q1,M,14.2,126,22.0
JPN_M4(Da),JPN,O1,M,14.83,119,21.0
JPN_M4(Da),JPN,O2,M,20.05,162,21.0
JPN_M4(Da),JPN,O3,M,19.32,153,21.0
JPN_M4(Da),JPN,O4,M,19.53,154,21.0
JPN_M4(Da),JPN,O6,M,16.16,129,21.0
JPN_M4(Da),JPN,O8,M,19.09,159,21.0
JPN_M4(Da),JPN,O9,M,9.82,83,21.0
JPN_M4(Da),JPN,P0,M,18.22,156,21.0
JPN_M4(Da),JPN,P1,M,16.76,131,21.0
JPN_M4(Da),JPN,P2,M,18.46,142,21.0
JPN_M4(Da),JPN,P3,M,17.51,152,21.0
JPN_M4(Da),JPN,P8,M,14.45,117,21.0
JPN_M4(Da),JPN,P9,M,16.94,139,21.0
JPN_M4(Da),JPN,Q0,M,17.12,150,21.0
JPN_M4(Da),JPN,Q1,M,15.34,126,21.0
JPN_M5(Yo),JPN,O1,M,13.45,119,28.0
JPN_M5(Yo),JPN,O2,M,20.16,162,28.0
JPN_M5(Yo),JPN,O3,M,19.61,153,28.0
JPN_M5(Yo),JPN,O4,M,18.73,154,28.0
JPN_M5(Yo),JPN,O6,M,16.0,129,28.0
JPN_M5(Yo),JPN,O8,M,18.53,159,28.0
JPN_M5(Yo),JPN,O9,M,10.17,83,28.0
JPN_M5(Yo),JPN,P0,M,19.83,156,28.0
JPN_M5(Yo),JPN,P1,M,15.89,131,28.0
JPN_M5(Yo),JPN,P2,M,17.46,142,28.0
JPN_M5(Yo),JPN,P3,M,17.8,152,28.0
JPN_M5(Yo),JPN,P8,M,14.04,117,28.0
JPN_M5(Yo),JPN,P9,M,16.32,139,28.0
JPN_M5(Yo),JPN,Q0,M,17.09,150,28.0
JPN_M5(Yo),JPN,Q1,M,15.67,126,28.0
KOR_F1(My),KOR,O1,F,11.6,86,28.0
KOR_F1(My),KOR,O2,F,14.91,105,28.0
KOR_F1(My),KOR,O3,F,16.46,116,28.0
KOR_F1(My),KOR,O4,F,18.65,136,28.0
KOR_F1(My),KOR,O6,F,14.19,107,28.0
KOR_F1(My),KOR,O8,F,18.36,132,28.0
KOR_F1(My),KOR,O9,F,12.86,86,28.0
KOR_F1(My),KOR,P0,F,19.56,133,28.0
KOR_F1(My),KOR,P1,F,17.22,124,28.0
KOR_F1(My),KOR,P2,F,17.2,128,28.0
KOR_F1(My),KOR,P3,F,16.73,117,28.0
KOR_F1(My),KOR,P8,F,15.68,115,28.0
KOR_F1(My),KOR,P9,F,17.26,127,28.0
KOR_F1(My),KOR,Q0,F,14.88,112,28.0
KOR_F1(My),KOR,Q1,F,15.24,115,28.0
KOR_F2(Ji),KOR,O1,F,12.12,86,31.0
KOR_F2(Ji),KOR,O2,F,14.65,105,31.0
KOR_F2(Ji),KOR,O3,F,16.71,116,31.0
KOR_F2(Ji),KOR,O4,F,18.96,136,31.0
KOR_F2(Ji),KOR,O6,F,15.34,107,31.0
KOR_F2(Ji),KOR,O8,F,17.8,132,31.0
KOR_F2(Ji),KOR,O9,F,12.58,86,31.0
KOR_F2(Ji),KOR,P0,F,18.66,133,31.0
KOR_F2(Ji),KOR,P1,F,17.25,124,31.0
KOR_F2(Ji),KOR,P2,F,17.51,128,31.0
KOR_F2(Ji),KOR,P3,F,17.06,117,31.0
KOR_F2(Ji),KOR,P8,F,15.97,115,31.0
KOR_F2(Ji),KOR,P9,F,18.39,127,31.0
KOR_F2(Ji),KOR,Q0,F,16.25,112,31.0
KOR_F2(Ji),KOR,Q1,F,15.76,115,31.0
KOR_F3(Eu),KOR,O1,F,11.55,86,33.0
KOR_F3(Eu),KOR,O2,F,13.09,105,33.0
KOR_F3(Eu),KOR,O3,F,16.22,116,33.0
KOR_F3(Eu),KOR,O4,F,18.77,136,33.0
KOR_F3(Eu),KOR,O6,F,14.0,107,33.0
KOR_F3(Eu),KOR,O8,F,16.03,132,33.0
KOR_F3(Eu),KOR,O9,F,11.99,86,33.0
KOR_F3(Eu),KOR,P0,F,18.25,133,33.0
KOR_F3(Eu),KOR,P1,F,16.86,124,33.0
KOR_F3(Eu),KOR,P2,F,17.78,128,33.0
KOR_F3(Eu),KOR,P3,F,19.49,117,33.0
KOR_F3(Eu),KOR,P8,F,14.96,115,33.0
KOR_F3(Eu),KOR,P9,F,17.62,127,33.0
KOR_F3(Eu),KOR,Q0,F,15.73,112,33.0
KOR_F3(Eu),KOR,Q1,F,16.41,115,33.0
KOR_F4(Hy),KOR,O1,F,14.02,86,35.0
KOR_F4(Hy),KOR,O2,F,16.48,105,35.0
KOR_F4(Hy),KOR,O3,F,19.78,116,35.0
KOR_F4(Hy),KOR,O4,F,21.7,136,35.0
KOR_F4(Hy),KOR,O6,F,17.11,107,35.0
KOR_F4(Hy),KOR,O8,F,21.01,132,35.0
KOR_F4(Hy),KOR,O9,F,14.26,86,35.0
KOR_F4(Hy),KOR,P0,F,21.74,133,35.0
KOR_F4(Hy),KOR,P1,F,19.8,124,35.0
KOR_F4(Hy),KOR,P2,F,20.24,128,35.0
KOR_F4(Hy),KOR,P3,F,20.01,117,35.0
KOR_F4(Hy),KOR,P8,F,17.96,115,35.0
KOR_F4(Hy),KOR,P9,F,21.74,127,35.0
KOR_F4(Hy),KOR,Q0,F,19.02,112,35.0
KOR_F4(Hy),KOR,Q1,F,20.18,115,35.0
KOR_F6(Jw),KOR,O1,F,11.57,86,19.0
KOR_F6(Jw),KOR,O2,F,14.58,105,19.0
KOR_F6(Jw),KOR,O3,F,16.12,116,19.0
KOR_F6(Jw),KOR,O4,F,19.14,136,19.0
KOR_F6(Jw),KOR,O6,F,14.27,107,19.0
KOR_F6(Jw),KOR,O8,F,17.13,132,19.0
KOR_F6(Jw),KOR,O9,F,12.49,86,19.0
KOR_F6(Jw),KOR,P0,F,18.03,133,19.0
KOR_F6(Jw),KOR,P1,F,16.76,124,19.0
KOR_F6(Jw),KOR,P2,F,16.51,128,19.0
KOR_F6(Jw),KOR,P3,F,16.37,117,19.0
KOR_F6(Jw),KOR,P8,F,15.14,115,19.0
KOR_F6(Jw),KOR,P9,F,16.98,127,19.0
KOR_F6(Jw),KOR,Q0,F,14.86,112,19.0
KOR_F6(Jw),KOR,Q1,F,15.09,115,19.0
KOR_M1(Sa),KOR,O1,M,11.87,86,36.0
KOR_M1(Sa),KOR,O2,M,14.5,105,36.0
KOR_M1(Sa),KOR,O3,M,16.27,116,36.0
KOR_M1(Sa),KOR,O4,M,18.02,136,36.0
KOR_M1(Sa),KOR,O6,M,14.95,107,36.0
KOR_M1(Sa),KOR,O8,M,18.75,132,36.0
KOR_M1(Sa),KOR,O9,M,12.66,86,36.0
KOR_M1(Sa),KOR,P0,M,18.98,133,36.0
KOR_M1(Sa),KOR,P1,M,16.96,124,36.0
KOR_M1(Sa),KOR,P2,M,17.4,128,36.0
KOR_M1(Sa),KOR,P3,M,17.09,117,36.0
KOR_M1(Sa),KOR,P8,M,15.7,115,36.0
KOR_M1(Sa),KOR,P9,M,17.39,127,36.0
KOR_M1(Sa),KOR,Q0,M,15.0,112,36.0
KOR_M1(Sa),KOR,Q1,M,15.9,115,36.0
KOR_M2(Do),KOR,O1,M,13.26,86,16.0
KOR_M2(Do),KOR,O2,M,17.52,105,16.0
KOR_M2(Do),KOR,O3,M,18.66,116,16.0
KOR_M2(Do),KOR,O4,M,21.61,136,16.0
KOR_M2(Do),KOR,O6,M,17.83,107,16.0
KOR_M2(Do),KOR,O8,M,22.07,132,16.0
KOR_M2(Do),KOR,O9,M,13.99,86,16.0
KOR_M2(Do),KOR,P0,M,22.18,133,16.0
KOR_M2(Do),KOR,P1,M,20.39,124,16.0
KOR_M2(Do),KOR,P2,M,20.6,128,16.0
KOR_M2(Do),KOR,P3,M,20.51,117,16.0
KOR_M2(Do),KOR,P8,M,18.84,115,16.0
KOR_M2(Do),KOR,P9,M,20.28,127,16.0
KOR_M2(Do),KOR,Q0,M,18.15,112,16.0
KOR_M2(Do),KOR,Q1,M,17.88,115,16.0
KOR_M3(Sh),KOR,O1,M,9.06,86,19.0
KOR_M3(Sh),KOR,O2,M,12.07,105,19.0
KOR_M3(Sh),KOR,O3,M,13.72,116,19.0
KOR_M3(Sh),KOR,O4,M,15.77,136,19.0
KOR_M3(Sh),KOR,O6,M,12.2,107,19.0
KOR_M3(Sh),KOR,O8,M,14.89,132,19.0
KOR_M3(Sh),KOR,O9,M,9.61,86,19.0
KOR_M3(Sh),KOR,P0,M,17.08,133,19.0
KOR_M3(Sh),KOR,P1,M,13.63,124,19.0
KOR_M3(Sh),KOR,P2,M,13.88,128,19.0
KOR_M3(Sh),KOR,P3,M,14.0,117,19.0
KOR_M3(Sh),KOR,P8,M,13.47,115,19.0
KOR_M3(Sh),KOR,P9,M,14.92,127,19.0
KOR_M3(Sh),KOR,Q0,M,12.69,112,19.0
KOR_M3(Sh),KOR,Q1,M,12.12,115,19.0
KOR_M4(Ju),KOR,O1,M,11.78,86,50.0
KOR_M4(Ju),KOR,O2,M,13.33,105,50.0
KOR_M4(Ju),KOR,O3,M,14.26,116,50.0
KOR_M4(Ju),KOR,O4,M,19.29,136,50.0
KOR_M4(Ju),KOR,O6,M,14.87,107,50.0
KOR_M4(Ju),KOR,O8,M,18.4,132,50.0
KOR_M4(Ju),KOR,O9,M,11.91,86,50.0
KOR_M4(Ju),KOR,P0,M,19.49,133,50.0
KOR_M4(Ju),KOR,P1,M,17.11,124,50.0
KOR_M4(Ju),KOR,P2,M,16.69,128,50.0
KOR_M4(Ju),KOR,P3,M,17.73,117,50.0
KOR_M4(Ju),KOR,P8,M,15.5,115,50.0
KOR_M4(Ju),KOR,P9,M,17.06,127,50.0
KOR_M4(Ju),KOR,Q0,M,15.19,112,50.0
KOR_M4(Ju),KOR,Q1,M,14.25,115,50.0
KOR_M5(Jh),KOR,O1,M,12.22,86,19.0
KOR_M5(Jh),KOR,O2,M,15.81,105,19.0
KOR_M5(Jh),KOR,O3,M,18.57,116,19.0
KOR_M5(Jh),KOR,O4,M,21.4,136,19.0
KOR_M5(Jh),KOR,O6,M,15.72,107,19.0
KOR_M5(Jh),KOR,O8,M,20.3,132,19.0
KOR_M5(Jh),KOR,O9,M,13.26,86,19.0
KOR_M5(Jh),KOR,P0,M,19.87,133,19.0
KOR_M5(Jh),KOR,P1,M,18.17,124,19.0
KOR_M5(Jh),KOR,P2,M,20.47,128,19.0
KOR_M5(Jh),KOR,P3,M,19.1,117,19.0
KOR_M5(Jh),KOR,P8,M,17.27,115,19.0
KOR_M5(Jh),KOR,P9,M,18.96,127,19.0
KOR_M5(Jh),KOR,Q0,M,17.27,112,19.0
KOR_M5(Jh),KOR,Q1,M,17.55,115,19.0
SPA_F1(Am),SPA,O1,F,11.4,94,28.0
SPA_F1(Am),SPA,O2,F,17.51,135,28.0
SPA_F1(Am),SPA,O3,F,14.89,111,28.0
SPA_F1(Am),SPA,O4,F,19.35,152,28.0
SPA_F1(Am),SPA,O6,F,12.68,103,28.0
SPA_F1(Am),SPA,O8,F,16.85,136,28.0
SPA_F1(Am),SPA,O9,F,9.29,79,28.0
SPA_F1(Am),SPA,P0,F,20.99,153,28.0
SPA_F1(Am),SPA,P1,F,18.17,137,28.0
SPA_F1(Am),SPA,P2,F,14.14,120,28.0
SPA_F1(Am),SPA,P3,F,16.22,119,28.0
SPA_F1(Am),SPA,P8,F,11.54,93,28.0
SPA_F1(Am),SPA,P9,F,15.26,119,28.0
SPA_F1(Am),SPA,Q0,F,14.03,126,28.0
SPA_F1(Am),SPA,Q1,F,10.08,81,28.0
SPA_F1(Su),SPA,O1,F,11.73,94,42.0
SPA_F1(Su),SPA,O2,F,17.5,135,42.0
SPA_F1(Su),SPA,O3,F,14.71,111,42.0
SPA_F1(Su),SPA,O4,F,19.41,152,42.0
SPA_F1(Su),SPA,O6,F,12.92,103,42.0
SPA_F1(Su),SPA,O8,F,17.12,136,42.0
SPA_F1(Su),SPA,O9,F,9.5,79,42.0
SPA_F1(Su),SPA,P0,F,20.97,153,42.0
SPA_F1(Su),SPA,P1,F,17.72,137,42.0
SPA_F1(Su),SPA,P2,F,14.51,120,42.0
SPA_F1(Su),SPA,P3,F,14.86,119,42.0
SPA_F1(Su),SPA,P8,F,12.8,93,42.0
SPA_F1(Su),SPA,P9,F,16.01,119,42.0
SPA_F1(Su),SPA,Q0,F,15.81,126,42.0
SPA_F1(Su),SPA,Q1,F,10.65,81,42.0
SPA_F2(De),SPA,O1,F,11.39,94,50.0
SPA_F2(De),SPA,O2,F,16.52,135,50.0
SPA_F2(De),SPA,O3,F,13.96,111,50.0
SPA_F2(De),SPA,O4,F,18.75,152,50.0
SPA_F2(De),SPA,O6,F,12.18,103,50.0
SPA_F2(De),SPA,O8,F,16.9,136,50.0
SPA_F2(De),SPA,O9,F,9.68,79,50.0
SPA_F2(De),SPA,P0,F,20.91,153,50.0
SPA_F2(De),SPA,P1,F,17.12,137,50.0
SPA_F2(De),SPA,P2,F,14.12,120,50.0
SPA_F2(De),SPA,P3,F,14.58,119,50.0
SPA_F2(De),SPA,P8,F,12.02,93,50.0
SPA_F2(De),SPA,P9,F,15.52,119,50.0
SPA_F2(De),SPA,Q0,F,15.73,126,50.0
SPA_F2(De),SPA,Q1,F,10.54,81,50.0
SPA_F3(En),SPA,O1,F,13.03,94,30.0
SPA_F3(En),SPA,O2,F,18.59,135,30.0
SPA_F3(En),SPA,O3,F,15.74,111,30.0
SPA_F3(En),SPA,O4,F,21.07,152,30.0
SPA_F3(En),SPA,O6,F,12.88,103,30.0
SPA_F3(En),SPA,O8,F,18.01,136,30.0
SPA_F3(En),SPA,O9,F,10.29,79,30.0
SPA_F3(En),SPA,P0,F,21.41,153,30.0
SPA_F3(En),SPA,P1,F,19.44,137,30.0
SPA_F3(En),SPA,P2,F,15.5,120,30.0
SPA_F3(En),SPA,P3,F,16.48,119,30.0
SPA_F3(En),SPA,P8,F,13.06,93,30.0
SPA_F3(En),SPA,P9,F,17.18,119,30.0
SPA_F3(En),SPA,Q0,F,16.44,126,30.0
SPA_F3(En),SPA,Q1,F,11.17,81,30.0
SPA_F3(Mo),SPA,O1,F,13.0,94,21.0
SPA_F3(Mo),SPA,O2,F,18.38,135,21.0
SPA_F3(Mo),SPA,O3,F,15.77,111,21.0
SPA_F3(Mo),SPA,O4,F,20.4,152,21.0
SPA_F3(Mo),SPA,O6,F,12.84,103,21.0
SPA_F3(Mo),SPA,O8,F,17.81,136,21.0
SPA_F3(Mo),SPA,O9,F,10.41,79,21.0
SPA_F3(Mo),SPA,P0,F,22.12,153,21.0
SPA_F3(Mo),SPA,P1,F,19.49,137,21.0
SPA_F3(Mo),SPA,P2,F,16.4,120,21.0
SPA_F3(Mo),SPA,P3,F,15.87,119,21.0
SPA_F3(Mo),SPA,P8,F,12.08,93,21.0
SPA_F3(Mo),SPA,P9,F,17.75,119,21.0
SPA_F3(Mo),SPA,Q0,F,16.14,126,21.0
SPA_F3(Mo),SPA,Q1,F,11.85,81,21.0
SPA_M1(Bo),SPA,O1,M,12.4,94,26.0
SPA_M1(Bo),SPA,O2,M,15.75,135,26.0
SPA_M1(Bo),SPA,O3,M,14.33,111,26.0
SPA_M1(Bo),SPA,O4,M,18.96,152,26.0
SPA_M1(Bo),SPA,O6,M,11.8,103,26.0
SPA_M1(Bo),SPA,O8,M,16.49,136,26.0
SPA_M1(Bo),SPA,O9,M,9.49,79,26.0
SPA_M1(Bo),SPA,P0,M,19.95,153,26.0
SPA_M1(Bo),SPA,P1,M,17.64,137,26.0
SPA_M1(Bo),SPA,P2,M,14.23,120,26.0
SPA_M1(Bo),SPA,P3,M,15.06,119,26.0
SPA_M1(Bo),SPA,P8,M,12.18,93,26.0
SPA_M1(Bo),SPA,P9,M,15.59,119,26.0
SPA_M1(Bo),SPA,Q0,M,15.23,126,26.0
SPA_M1(Bo),SPA,Q1,M,9.73,81,26.0
SPA_M4(In),SPA,O1,M,11.85,94,22.0
SPA_M4(In),SPA,O2,M,17.24,135,22.0
SPA_M4(In),SPA,O3,M,15.49,111,22.0
SPA_M4(In),SPA,O4,M,19.8,152,22.0
SPA_M4(In),SPA,O6,M,13.08,103,22.0
SPA_M4(In),SPA,O8,M,17.62,136,22.0
SPA_M4(In),SPA,O9,M,10.48,79,22.0
SPA_M4(In),SPA,P0,M,22.13,153,22.0
SPA_M4(In),SPA,P1,M,18.8,137,22.0
SPA_M4(In),SPA,P2,M,15.69,120,22.0
SPA_M4(In),SPA,P3,M,16.42,119,22.0
SPA_M4(In),SPA,P8,M,13.04,93,22.0
SPA_M4(In),SPA,P9,M,16.59,119,22.0
SPA_M4(In),SPA,Q0,M,16.17,126,22.0
SPA_M4(In),SPA,Q1,M,11.01,81,22.0
SPA_M4(Ma),SPA,O1,M,12.72,94,44.0
SPA_M4(Ma),SPA,O2,M,16.58,135,44.0
SPA_M4(Ma),SPA,O3,M,14.08,111,44.0
SPA_M4(Ma),SPA,O4,M,18.58,152,44.0
SPA_M4(Ma),SPA,O6,M,11.88,103,44.0
SPA_M4(Ma),SPA,O8,M,15.58,136,44.0
SPA_M4(Ma),SPA,O9,M,10.1,79,44.0
SPA_M4(Ma),SPA,P0,M,20.82,153,44.0
SPA_M4(Ma),SPA,P1,M,17.66,137,44.0
SPA_M4(Ma),SPA,P2,M,15.01,120,44.0
SPA_M4(Ma),SPA,P3,M,15.3,119,44.0
SPA_M4(Ma),SPA,P8,M,12.68,93,44.0
SPA_M4(Ma),SPA,P9,M,15.2,119,44.0
SPA_M4(Ma),SPA,Q0,M,15.22,126,44.0
SPA_M4(Ma),SPA,Q1,M,10.93,81,44.0
SPA_M5(Ax),SPA,O1,M,12.92,94,32.0
SPA_M5(Ax),SPA,O2,M,17.51,135,32.0
SPA_M5(Ax),SPA,O3,M,15.49,111,32.0
SPA_M5(Ax),SPA,O4,M,19.65,152,32.0
SPA_M5(Ax),SPA,O6,M,13.17,103,32.0
SPA_M5(Ax),SPA,O8,M,17.41,136,32.0
SPA_M5(Ax),SPA,O9,M,10.29,79,32.0
SPA_M5(Ax),SPA,P0,M,20.97,153,32.0
SPA_M5(Ax),SPA,P1,M,18.1,137,32.0
SPA_M5(Ax),SPA,P2,M,15.39,120,32.0
SPA_M5(Ax),SPA,P3,M,16.17,119,32.0
SPA_M5(Ax),SPA,P8,M,13.39,93,32.0
SPA_M5(Ax),SPA,P9,M,16.34,119,32.0
SPA_M5(Ax),SPA,Q0,M,17.09,126,32.0
SPA_M5(Ax),SPA,Q1,M,11.78,81,32.0
SPA_M5(Jo),SPA,O1,M,10.67,94,42.0
SPA_M5(Jo),SPA,O2,M,16.92,135,42.0
SPA_M5(Jo),SPA,O3,M,14.1,111,42.0
SPA_M5(Jo),SPA,O4,M,16.96,152,42.0
SPA_M5(Jo),SPA,O6,M,12.44,103,42.0
SPA_M5(Jo),SPA,O8,M,16.56,136,42.0
SPA_M5(Jo),SPA,O9,M,9.89,79,42.0
SPA_M5(Jo),SPA,P0,M,20.58,153,42.0
SPA_M5(Jo),SPA,P1,M,18.23,137,42.0
SPA_M5(Jo),SPA,P2,M,15.57,120,42.0
SPA_M5(Jo),SPA,P3,M,16.21,119,42.0
SPA_M5(Jo),SPA,P8,M,11.44,93,42.0
SPA_M5(Jo),SPA,P9,M,16.34,119,42.0
SPA_M5(Jo),SPA,Q0,M,15.32,126,42.0
SPA_M5(Jo),SPA,Q1,M,11.47,81,42.0
SRP_F1(Li),SRP,O1,F,11.68,87,30.0
SRP_F1(Li),SRP,O2,F,14.02,99,30.0
SRP_F1(Li),SRP,O3,F,16.85,120,30.0
SRP_F1(Li),SRP,O4,F,17.57,128,30.0
SRP_F1(Li),SRP,O6,F,13.34,98,30.0
SRP_F1(Li),SRP,O8,F,14.0,110,30.0
SRP_F1(Li),SRP,O9,F,10.65,75,30.0
SRP_F1(Li),SRP,P0,F,19.73,137,30.0
SRP_F1(Li),SRP,P1,F,16.42,121,30.0
SRP_F1(Li),SRP,P2,F,13.34,98,30.0
SRP_F1(Li),SRP,P3,F,18.69,129,30.0
SRP_F1(Li),SRP,P8,F,15.08,110,30.0
SRP_F1(Li),SRP,P9,F,16.88,111,30.0
SRP_F1(Li),SRP,Q0,F,14.55,102,30.0
SRP_F1(Li),SRP,Q1,F,12.03,89,30.0
SRP_F2(Le),SRP,O1,F,13.02,87,34.0
SRP_F2(Le),SRP,O2,F,14.88,99,34.0
SRP_F2(Le),SRP,O3,F,18.07,120,34.0
SRP_F2(Le),SRP,O4,F,19.48,128,34.0
SRP_F2(Le),SRP,O6,F,15.07,98,34.0
SRP_F2(Le),SRP,O8,F,15.71,110,34.0
SRP_F2(Le),SRP,O9,F,11.74,75,34.0
SRP_F2(Le),SRP,P0,F,20.98,137,34.0
SRP_F2(Le),SRP,P1,F,18.04,121,34.0
SRP_F2(Le),SRP,P2,F,14.2,98,34.0
SRP_F2(Le),SRP,P3,F,19.46,129,34.0
SRP_F2(Le),SRP,P8,F,16.78,110,34.0
SRP_F2(Le),SRP,P9,F,17.8,111,34.0
SRP_F2(Le),SRP,Q0,F,15.81,102,34.0
SRP_F2(Le),SRP,Q1,F,14.65,89,34.0
SRP_F3(Je),SRP,O1,F,10.8,87,32.0
SRP_F3(Je),SRP,O2,F,11.74,99,32.0
SRP_F3(Je),SRP,O3,F,17.07,120,32.0
SRP_F3(Je),SRP,O4,F,15.31,128,32.0
SRP_F3(Je),SRP,O6,F,12.65,98,32.0
SRP_F3(Je),SRP,O8,F,13.67,110,32.0
SRP_F3(Je),SRP,O9,F,10.17,75,32.0
SRP_F3(Je),SRP,P0,F,15.94,137,32.0
SRP_F3(Je),SRP,P1,F,14.23,121,32.0
SRP_F3(Je),SRP,P2,F,11.19,98,32.0
SRP_F3(Je),SRP,P3,F,15.57,129,32.0
SRP_F3(Je),SRP,P8,F,13.54,110,32.0
SRP_F3(Je),SRP,P9,F,15.03,111,32.0
SRP_F3(Je),SRP,Q0,F,13.61,102,32.0
SRP_F3(Je),SRP,Q1,F,11.67,89,32.0
SRP_F4(So),SRP,O1,F,12.08,87,31.0
SRP_F4(So),SRP,O2,F,13.77,99,31.0
SRP_F4(So),SRP,O3,F,16.62,120,31.0
SRP_F4(So),SRP,O4,F,18.01,128,31.0
SRP_F4(So),SRP,O6,F,14.12,98,31.0
SRP_F4(So),SRP,O8,F,15.0,110,31.0
SRP_F4(So),SRP,O9,F,10.41,75,31.0
SRP_F4(So),SRP,P0,F,18.13,137,31.0
SRP_F4(So),SRP,P1,F,16.12,121,31.0
SRP_F4(So),SRP,P2,F,12.81,98,31.0
SRP_F4(So),SRP,P3,F,18.41,129,31.0
SRP_F4(So),SRP,P8,F,15.1,110,31.0
SRP_F4(So),SRP,P9,F,16.11,111,31.0
SRP_F4(So),SRP,Q0,F,14.71,102,31.0
SRP_F4(So),SRP,Q1,F,12.93,89,31.0
SRP_F5(Ol),SRP,O1,F,14.23,87,38.0
SRP_F5(Ol),SRP,O2,F,16.97,99,38.0
SRP_F5(Ol),SRP,O3,F,20.15,120,38.0
SRP_F5(Ol),SRP,O4,F,21.96,128,38.0
SRP_F5(Ol),SRP,O6,F,17.32,98,38.0
SRP_F5(Ol),SRP,O8,F,17.69,110,38.0
SRP_F5(Ol),SRP,O9,F,12.96,75,38.0
SRP_F5(Ol),SRP,P0,F,24.94,137,38.0
SRP_F5(Ol),SRP,P1,F,21.17,121,38.0
SRP_F5(Ol),SRP,P2,F,15.87,98,38.0
SRP_F5(Ol),SRP,P3,F,22.17,129,38.0
SRP_F5(Ol),SRP,P8,F,18.3,110,38.0
SRP_F5(Ol),SRP,P9,F,20.68,111,38.0
SRP_F5(Ol),SRP,Q0,F,17.69,102,38.0
SRP_F5(Ol),SRP,Q1,F,16.37,89,38.0
SRP_M1(Go),SRP,O1,M,11.28,87,44.0
SRP_M1(Go),SRP,O2,M,12.59,99,44.0
SRP_M1(Go),SRP,O3,M,16.07,120,44.0
SRP_M1(Go),SRP,O4,M,16.78,128,44.0
SRP_M1(Go),SRP,O6,M,12.34,98,44.0
SRP_M1(Go),SRP,O8,M,13.46,110,44.0
SRP_M1(Go),SRP,O9,M,10.51,75,44.0
SRP_M1(Go),SRP,P0,M,17.73,137,44.0
SRP_M1(Go),SRP,P1,M,15.78,121,44.0
SRP_M1(Go),SRP,P2,M,13.05,98,44.0
SRP_M1(Go),SRP,P3,M,17.42,129,44.0
SRP_M1(Go),SRP,P8,M,14.28,110,44.0
SRP_M1(Go),SRP,P9,M,16.44,111,44.0
SRP_M1(Go),SRP,Q0,M,14.05,102,44.0
SRP_M1(Go),SRP,Q1,M,12.47,89,44.0
SRP_M2(Iv),SRP,O1,M,11.61,87,34.0
SRP_M2(Iv),SRP,O2,M,13.66,99,34.0
SRP_M2(Iv),SRP,O3,M,16.55,120,34.0
SRP_M2(Iv),SRP,O4,M,18.63,128,34.0
SRP_M2(Iv),SRP,O6,M,13.49,98,34.0
SRP_M2(Iv),SRP,O8,M,15.25,110,34.0
SRP_M2(Iv),SRP,O9,M,10.58,75,34.0
SRP_M2(Iv),SRP,P0,M,19.43,137,34.0
SRP_M2(Iv),SRP,P1,M,16.45,121,34.0
SRP_M2(Iv),SRP,P2,M,13.34,98,34.0
SRP_M2(Iv),SRP,P3,M,18.49,129,34.0
SRP_M2(Iv),SRP,P8,M,15.7,110,34.0
SRP_M2(Iv),SRP,P9,M,16.0,111,34.0
SRP_M2(Iv),SRP,Q0,M,12.86,102,34.0
SRP_M2(Iv),SRP,Q1,M,13.51,89,34.0
SRP_M3(Pe),SRP,O1,M,11.92,87,19.0
SRP_M3(Pe),SRP,O2,M,13.95,99,19.0
SRP_M3(Pe),SRP,O3,M,15.52,120,19.0
SRP_M3(Pe),SRP,O4,M,17.9,128,19.0
SRP_M3(Pe),SRP,O6,M,13.67,98,19.0
SRP_M3(Pe),SRP,O8,M,14.07,110,19.0
SRP_M3(Pe),SRP,O9,M,11.1,75,19.0
SRP_M3(Pe),SRP,P0,M,20.37,137,19.0
SRP_M3(Pe),SRP,P1,M,16.62,121,19.0
SRP_M3(Pe),SRP,P2,M,13.67,98,19.0
SRP_M3(Pe),SRP,P3,M,17.65,129,19.0
SRP_M3(Pe),SRP,P8,M,15.27,110,19.0
SRP_M3(Pe),SRP,P9,M,17.58,111,19.0
SRP_M3(Pe),SRP,Q0,M,14.74,102,19.0
SRP_M3(Pe),SRP,Q1,M,13.23,89,19.0
SRP_M4(Vo),SRP,O1,M,10.54,87,21.0
SRP_M4(Vo),SRP,O2,M,11.97,99,21.0
SRP_M4(Vo),SRP,O3,M,15.49,120,21.0
SRP_M4(Vo),SRP,O4,M,16.68,128,21.0
SRP_M4(Vo),SRP,O6,M,11.79,98,21.0
SRP_M4(Vo),SRP,O8,M,13.24,110,21.0
SRP_M4(Vo),SRP,O9,M,9.32,75,21.0
SRP_M4(Vo),SRP,P0,M,16.64,137,21.0
SRP_M4(Vo),SRP,P1,M,14.01,121,21.0
SRP_M4(Vo),SRP,P2,M,11.56,98,21.0
SRP_M4(Vo),SRP,P3,M,15.55,129,21.0
SRP_M4(Vo),SRP,P8,M,13.45,110,21.0
SRP_M4(Vo),SRP,P9,M,14.84,111,21.0
SRP_M4(Vo),SRP,Q0,M,12.1,102,21.0
SRP_M4(Vo),SRP,Q1,M,11.41,89,21.0
SRP_M5(Ste),SRP,O1,M,12.08,87,23.0
SRP_M5(Ste),SRP,O2,M,14.98,99,23.0
SRP_M5(Ste),SRP,O3,M,17.89,120,23.0
SRP_M5(Ste),SRP,O4,M,19.4,128,23.0
SRP_M5(Ste),SRP,O6,M,14.1,98,23.0
SRP_M5(Ste),SRP,O8,M,15.52,110,23.0
SRP_M5(Ste),SRP,O9,M,11.08,75,23.0
SRP_M5(Ste),SRP,P0,M,20.0,137,23.0
SRP_M5(Ste),SRP,P1,M,17.72,121,23.0
SRP_M5(Ste),SRP,P2,M,13.42,98,23.0
SRP_M5(Ste),SRP,P3,M,18.88,129,23.0
SRP_M5(Ste),SRP,P8,M,16.32,110,23.0
SRP_M5(Ste),SRP,P9,M,17.57,111,23.0
SRP_M5(Ste),SRP,Q0,M,15.08,102,23.0
SRP_M5(Ste),SRP,Q1,M,13.53,89,23.0
THA_F1(Ja),THA,O1,F,14.71,64,33.0
THA_F1(Ja),THA,O2,F,15.31,74,33.0
THA_F1(Ja),THA,O3,F,18.82,85,33.0
THA_F1(Ja),THA,O4,F,26.18,110,33.0
THA_F1(Ja),THA,O6,F,17.6,78,33.0
THA_F1(Ja),THA,O8,F,22.45,93,33.0
THA_F1(Ja),THA,O9,F,13.42,60,33.0
THA_F1(Ja),THA,P0,F,23.62,103,33.0
THA_F1(Ja),THA,P1,F,21.04,96,33.0
THA_F1(Ja),THA,P2,F,18.43,79,33.0
THA_F1(Ja),THA,P3,F,23.4,95,33.0
THA_F1(Ja),THA,P8,F,19.16,81,33.0
THA_F1(Ja),THA,P9,F,18.9,77,33.0
THA_F1(Ja),THA,Q0,F,16.73,73,33.0
THA_F1(Ja),THA,Q1,F,15.55,56,33.0
THA_F2(Si),THA,O1,F,12.65,64,28.0
THA_F2(Si),THA,O2,F,15.55,74,28.0
THA_F2(Si),THA,O3,F,18.22,85,28.0
THA_F2(Si),THA,O4,F,19.28,110,28.0
THA_F2(Si),THA,O6,F,15.64,78,28.0
THA_F2(Si),THA,O8,F,19.46,93,28.0
THA_F2(Si),THA,O9,F,12.27,60,28.0
THA_F2(Si),THA,P0,F,21.65,103,28.0
THA_F2(Si),THA,P1,F,19.3,96,28.0
THA_F2(Si),THA,P2,F,16.27,79,28.0
THA_F2(Si),THA,P3,F,18.98,95,28.0
THA_F2(Si),THA,P8,F,17.27,81,28.0
THA_F2(Si),THA,P9,F,16.33,77,28.0
THA_F2(Si),THA,Q0,F,14.67,73,28.0
THA_F2(Si),THA,Q1,F,11.27,56,28.0
THA_F3(Fa),THA,O1,F,15.17,64,23.0
THA_F3(Fa),THA,O2,F,15.67,74,23.0
THA_F3(Fa),THA,O3,F,19.15,85,23.0
THA_F3(Fa),THA,O4,F,24.19,110,23.0
THA_F3(Fa),THA,O6,F,18.1,78,23.0
THA_F3(Fa),THA,O8,F,21.23,93,23.0
THA_F3(Fa),THA,O9,F,13.13,60,23.0
THA_F3(Fa),THA,P0,F,24.03,103,23.0
THA_F3(Fa),THA,P1,F,21.93,96,23.0
THA_F3(Fa),THA,P2,F,17.79,79,23.0
THA_F3(Fa),THA,P3,F,21.15,95,23.0
THA_F3(Fa),THA,P8,F,17.87,81,23.0
THA_F3(Fa),THA,P9,F,18.54,77,23.0
THA_F3(Fa),THA,Q0,F,15.72,73,23.0
THA_F3(Fa),THA,Q1,F,12.47,56,23.0
THA_F5(Ki),THA,O1,F,14.35,64,32.0
THA_F5(Ki),THA,O2,F,16.04,74,32.0
THA_F5(Ki),THA,O3,F,18.27,85,32.0
THA_F5(Ki),THA,O4,F,19.97,110,32.0
THA_F5(Ki),THA,O6,F,16.26,78,32.0
THA_F5(Ki),THA,O8,F,18.67,93,32.0
THA_F5(Ki),THA,O9,F,13.59,60,32.0
THA_F5(Ki),THA,P0,F,24.4,103,32.0
THA_F5(Ki),THA,P1,F,21.06,96,32.0
THA_F5(Ki),THA,P2,F,17.45,79,32.0
THA_F5(Ki),THA,P3,F,20.84,95,32.0
THA_F5(Ki),THA,P8,F,17.98,81,32.0
THA_F5(Ki),THA,P9,F,18.83,77,32.0
THA_F5(Ki),THA,Q0,F,15.0,73,32.0
THA_F5(Ki),THA,Q1,F,12.6,56,32.0
THA_F7(Pi),THA,O1,F,17.83,64,43.0
THA_F7(Pi),THA,O2,F,16.82,74,43.0
THA_F7(Pi),THA,O3,F,20.5,85,43.0
THA_F7(Pi),THA,O4,F,23.46,110,43.0
THA_F7(Pi),THA,O6,F,17.67,78,43.0
THA_F7(Pi),THA,O8,F,22.84,93,43.0
THA_F7(Pi),THA,O9,F,13.96,60,43.0
THA_F7(Pi),THA,P0,F,23.94,103,43.0
THA_F7(Pi),THA,P1,F,21.49,96,43.0
THA_F7(Pi),THA,P2,F,18.0,79,43.0
THA_F7(Pi),THA,P3,F,22.69,95,43.0
THA_F7(Pi),THA,P8,F,19.83,81,43.0
THA_F7(Pi),THA,P9,F,18.24,77,43.0
THA_F7(Pi),THA,Q0,F,17.19,73,43.0
THA_F7(Pi),THA,Q1,F,14.28,56,43.0
THA_M1(Pa),THA,O1,M,12.51,64,27.0
THA_M1(Pa),THA,O2,M,13.78,74,27.0
THA_M1(Pa),THA,O3,M,18.0,85,27.0
THA_M1(Pa),THA,O4,M,19.58,110,27.0
THA_M1(Pa),THA,O6,M,15.57,78,27.0
THA_M1(Pa),THA,O8,M,18.66,93,27.0
THA_M1(Pa),THA,O9,M,10.25,60,27.0
THA_M1(Pa),THA,P0,M,18.17,103,27.0
THA_M1(Pa),THA,P1,M,19.72,96,27.0
THA_M1(Pa),THA,P2,M,15.71,79,27.0
THA_M1(Pa),THA,P3,M,18.56,95,27.0
THA_M1(Pa),THA,P8,M,16.59,81,27.0
THA_M1(Pa),THA,P9,M,15.54,77,27.0
THA_M1(Pa),THA,Q0,M,14.39,73,27.0
THA_M1(Pa),THA,Q1,M,11.33,56,27.0
THA_M2(Ra),THA,O1,M,12.56,64,23.0
THA_M2(Ra),THA,O2,M,15.19,74,23.0
THA_M2(Ra),THA,O3,M,18.29,85,23.0
THA_M2(Ra),THA,O4,M,21.28,110,23.0
THA_M2(Ra),THA,O6,M,15.96,78,23.0
THA_M2(Ra),THA,O8,M,18.59,93,23.0
THA_M2(Ra),THA,O9,M,11.83,60,23.0
THA_M2(Ra),THA,P0,M,20.59,103,23.0
THA_M2(Ra),THA,P1,M,19.84,96,23.0
THA_M2(Ra),THA,P2,M,17.54,79,23.0
THA_M2(Ra),THA,P3,M,18.27,95,23.0
THA_M2(Ra),THA,P8,M,17.24,81,23.0
THA_M2(Ra),THA,P9,M,16.91,77,23.0
THA_M2(Ra),THA,Q0,M,14.28,73,23.0
THA_M2(Ra),THA,Q1,M,12.29,56,23.0
THA_M3(Shi),THA,O1,M,12.71,64,31.0
THA_M3(Shi),THA,O2,M,14.57,74,31.0
THA_M3(Shi),THA,O3,M,17.3,85,31.0
THA_M3(Shi),THA,O4,M,20.42,110,31.0
THA_M3(Shi),THA,O6,M,15.04,78,31.0
THA_M3(Shi),THA,O8,M,16.57,93,31.0
THA_M3(Shi),THA,O9,M,11.08,60,31.0
THA_M3(Shi),THA,P0,M,19.87,103,31.0
THA_M3(Shi),THA,P1,M,18.23,96,31.0
THA_M3(Shi),THA,P2,M,16.86,79,31.0
THA_M3(Shi),THA,P3,M,17.33,95,31.0
THA_M3(Shi),THA,P8,M,15.78,81,31.0
THA_M3(Shi),THA,P9,M,14.7,77,31.0
THA_M3(Shi),THA,Q0,M,14.16,73,31.0
THA_M3(Shi),THA,Q1,M,11.21,56,31.0
THA_M4(Su),THA,O1,M,12.11,64,31.0
THA_M4(Su),THA,O2,M,14.07,74,31.0
THA_M4(Su),THA,O3,M,17.4,85,31.0
THA_M4(Su),THA,O4,M,18.81,110,31.0
THA_M4(Su),THA,O6,M,15.7,78,31.0
THA_M4(Su),THA,O8,M,17.06,93,31.0
THA_M4(Su),THA,O9,M,11.79,60,31.0
THA_M4(Su),THA,P0,M,20.98,103,31.0
THA_M4(Su),THA,P1,M,19.12,96,31.0
THA_M4(Su),THA,P2,M,16.62,79,31.0
THA_M4(Su),THA,P3,M,17.07,95,31.0
THA_M4(Su),THA,P8,M,15.43,81,31.0
THA_M4(Su),THA,P9,M,15.44,77,31.0
THA_M4(Su),THA,Q0,M,13.13,73,31.0
THA_M4(Su),THA,Q1,M,10.86,56,31.0
THA_M5(Ik),THA,O1,M,16.57,64,30.0
THA_M5(Ik),THA,O2,M,17.06,74,30.0
THA_M5(Ik),THA,O3,M,21.2,85,30.0
THA_M5(Ik),THA,O4,M,25.69,110,30.0
THA_M5(Ik),THA,O6,M,18.13,78,30.0
THA_M5(Ik),THA,O8,M,22.22,93,30.0
THA_M5(Ik),THA,O9,M,15.02,60,30.0
THA_M5(Ik),THA,P0,M,22.68,103,30.0
THA_M5(Ik),THA,P1,M,22.82,96,30.0
THA_M5(Ik),THA,P2,M,20.5,79,30.0
THA_M5(Ik),THA,P3,M,22.42,95,30.0
THA_M5(Ik),THA,P8,M,21.57,81,30.0
THA_M5(Ik),THA,P9,M,20.21,77,30.0
THA_M5(Ik),THA,Q0,M,16.98,73,30.0
THA_M5(Ik),THA,Q1,M,14.99,56,30.0
TUR_F1(Em),TUR,O1,F,17.19,108,
TUR_F1(Em),TUR,O2,F,21.89,139,
TUR_F1(Em),TUR,O3,F,19.21,120,
TUR_F1(Em),TUR,O4,F,21.5,143,
TUR_F1(Em),TUR,O6,F,15.39,99,
TUR_F1(Em),TUR,O8,F,19.83,130,
TUR_F1(Em),TUR,O9,F,11.5,79,
TUR_F1(Em),TUR,P0,F,18.51,102,
TUR_F1(Em),TUR,P1,F,17.21,102,
TUR_F1(Em),TUR,P2,F,17.37,116,
TUR_F1(Em),TUR,P3,F,24.45,157,
TUR_F1(Em),TUR,P8,F,14.62,94,
TUR_F1(Em),TUR,P9,F,22.07,128,
TUR_F1(Em),TUR,Q0,F,17.21,107,
TUR_F1(Em),TUR,Q1,F,14.76,88,
TUR_F2(Fe),TUR,O1,F,14.84,108,
TUR_F2(Fe),TUR,O2,F,18.48,139,
TUR_F2(Fe),TUR,O3,F,15.82,120,
TUR_F2(Fe),TUR,O4,F,19.03,143,
TUR_F2(Fe),TUR,O6,F,12.38,99,
TUR_F2(Fe),TUR,O8,F,16.51,130,
TUR_F2(Fe),TUR,O9,F,10.03,79,
TUR_F2(Fe),TUR,P0,F,15.69,102,
TUR_F2(Fe),TUR,P1,F,14.58,102,
TUR_F2(Fe),TUR,P2,F,15.5,116,
TUR_F2(Fe),TUR,P3,F,21.03,157,
TUR_F2(Fe),TUR,P8,F,13.08,94,
TUR_F2(Fe),TUR,P9,F,18.82,128,
TUR_F2(Fe),TUR,Q0,F,14.45,107,
TUR_F2(Fe),TUR,Q1,F,12.63,88,
TUR_F3(Be),TUR,O1,F,17.72,108,25.0
TUR_F3(Be),TUR,O2,F,21.21,139,25.0
TUR_F3(Be),TUR,O3,F,18.64,120,25.0
TUR_F3(Be),TUR,O4,F,23.08,143,25.0
TUR_F3(Be),TUR,O6,F,16.48,99,25.0
TUR_F3(Be),TUR,O8,F,20.01,130,25.0
TUR_F3(Be),TUR,O9,F,11.93,79,25.0
TUR_F3(Be),TUR,P0,F,19.21,102,25.0
TUR_F3(Be),TUR,P1,F,18.95,102,25.0
TUR_F3(Be),TUR,P2,F,18.7,116,25.0
TUR_F3(Be),TUR,P3,F,25.34,157,25.0
TUR_F3(Be),TUR,P8,F,15.9,94,25.0
TUR_F3(Be),TUR,P9,F,23.68,128,25.0
TUR_F3(Be),TUR,Q0,F,17.46,107,25.0
TUR_F3(Be),TUR,Q1,F,15.22,88,25.0
TUR_F4(Ra),TUR,O1,F,15.5,108,31.0
TUR_F4(Ra),TUR,O2,F,20.45,139,31.0
TUR_F4(Ra),TUR,O3,F,17.69,120,31.0
TUR_F4(Ra),TUR,O4,F,21.52,143,31.0
TUR_F4(Ra),TUR,O6,F,15.0,99,31.0
TUR_F4(Ra),TUR,O8,F,19.21,130,31.0
TUR_F4(Ra),TUR,O9,F,10.75,79,31.0
TUR_F4(Ra),TUR,P0,F,16.73,102,31.0
TUR_F4(Ra),TUR,P1,F,15.72,102,31.0
TUR_F4(Ra),TUR,P2,F,17.47,116,31.0
TUR_F4(Ra),TUR,P3,F,22.59,157,31.0
TUR_F4(Ra),TUR,P8,F,14.99,94,31.0
TUR_F4(Ra),TUR,P9,F,19.29,128,31.0
TUR_F4(Ra),TUR,Q0,F,15.42,107,31.0
TUR_F4(Ra),TUR,Q1,F,14.02,88,31.0
TUR_F5(Nu),TUR,O1,F,14.25,108,37.0
TUR_F5(Nu),TUR,O2,F,18.26,139,37.0
TUR_F5(Nu),TUR,O3,F,16.57,120,37.0
TUR_F5(Nu),TUR,O4,F,20.41,143,37.0
TUR_F5(Nu),TUR,O6,F,14.41,99,37.0
TUR_F5(Nu),TUR,O8,F,17.15,130,37.0
TUR_F5(Nu),TUR,O9,F,10.61,79,37.0
TUR_F5(Nu),TUR,P0,F,17.58,102,37.0
TUR_F5(Nu),TUR,P1,F,15.69,102,37.0
TUR_F5(Nu),TUR,P2,F,16.7,116,37.0
TUR_F5(Nu),TUR,P3,F,19.94,157,37.0
TUR_F5(Nu),TUR,P8,F,12.7,94,37.0
TUR_F5(Nu),TUR,P9,F,19.15,128,37.0
TUR_F5(Nu),TUR,Q0,F,13.97,107,37.0
TUR_F5(Nu),TUR,Q1,F,12.19,88,37.0
TUR_M1(Ta),TUR,O1,M,12.64,108,
TUR_M1(Ta),TUR,O2,M,14.82,139,
TUR_M1(Ta),TUR,O3,M,13.28,120,
TUR_M1(Ta),TUR,O4,M,16.2,143,
TUR_M1(Ta),TUR,O6,M,11.22,99,
TUR_M1(Ta),TUR,O8,M,13.88,130,
TUR_M1(Ta),TUR,O9,M,8.46,79,
TUR_M1(Ta),TUR,P0,M,13.9,102,
TUR_M1(Ta),TUR,P1,M,12.61,102,
TUR_M1(Ta),TUR,P2,M,13.24,116,
TUR_M1(Ta),TUR,P3,M,18.04,157,
TUR_M1(Ta),TUR,P8,M,10.66,94,
TUR_M1(Ta),TUR,P9,M,16.18,128,
TUR_M1(Ta),TUR,Q0,M,12.12,107,
TUR_M1(Ta),TUR,Q1,M,10.95,88,
TUR_M2(Al),TUR,O1,M,15.72,108,30.0
TUR_M2(Al),TUR,O2,M,19.36,139,30.0
TUR_M2(Al),TUR,O3,M,16.99,120,30.0
TUR_M2(Al),TUR,O4,M,20.57,143,30.0
TUR_M2(Al),TUR,O6,M,14.1,99,30.0
TUR_M2(Al),TUR,O8,M,17.19,130,30.0
TUR_M2(Al),TUR,O9,M,10.72,79,30.0
TUR_M2(Al),TUR,P0,M,16.36,102,30.0
TUR_M2(Al),TUR,P1,M,16.25,102,30.0
TUR_M2(Al),TUR,P2,M,18.07,116,30.0
TUR_M2(Al),TUR,P3,M,22.97,157,30.0
TUR_M2(Al),TUR,P8,M,13.7,94,30.0
TUR_M2(Al),TUR,P9,M,19.72,128,30.0
TUR_M2(Al),TUR,Q0,M,15.17,107,30.0
TUR_M2(Al),TUR,Q1,M,12.55,88,30.0
TUR_M3(En),TUR,O2,M,17.89,139,37.0
TUR_M3(En),TUR,O3,M,16.82,120,37.0
TUR_M3(En),TUR,O4,M,18.32,143,37.0
TUR_M3(En),TUR,O6,M,13.71,99,37.0
TUR_M3(En),TUR,O8,M,18.57,130,37.0
TUR_M3(En),TUR,O9,M,10.53,79,37.0
TUR_M3(En),TUR,P0,M,17.25,102,37.0
TUR_M3(En),TUR,P1,M,16.83,102,37.0
TUR_M3(En),TUR,P2,M,17.06,116,37.0
TUR_M3(En),TUR,P3,M,21.62,157,37.0
TUR_M3(En),TUR,P8,M,12.83,94,37.0
TUR_M3(En),TUR,P9,M,19.86,128,37.0
TUR_M3(En),TUR,Q0,M,15.52,107,37.0
TUR_M3(En),TUR,Q1,M,13.09,88,37.0
TUR_M4(An),TUR,O1,M,12.85,108,24.0
TUR_M4(An),TUR,O2,M,16.63,139,24.0
TUR_M4(An),TUR,O3,M,14.16,120,24.0
TUR_M4(An),TUR,O4,M,17.5,143,24.0
TUR_M4(An),TUR,O6,M,12.14,99,24.0
TUR_M4(An),TUR,O8,M,14.84,130,24.0
TUR_M4(An),TUR,O9,M,10.52,79,24.0
TUR_M4(An),TUR,P0,M,15.41,102,24.0
TUR_M4(An),TUR,P1,M,14.25,102,24.0
TUR_M4(An),TUR,P2,M,16.08,116,24.0
TUR_M4(An),TUR,P3,M,20.48,157,24.0
TUR_M4(An),TUR,P8,M,12.52,94,24.0
TUR_M4(An),TUR,P9,M,18.34,128,24.0
TUR_M4(An),TUR,Q0,M,14.28,107,24.0
TUR_M4(An),TUR,Q1,M,12.24,88,24.0
TUR_M5(Me),TUR,O1,M,14.74,108,44.0
TUR_M5(Me),TUR,O2,M,20.38,139,44.0
TUR_M5(Me),TUR,O3,M,18.14,120,44.0
TUR_M5(Me),TUR,O4,M,21.24,143,44.0
TUR_M5(Me),TUR,O6,M,15.0,99,44.0
TUR_M5(Me),TUR,O8,M,18.54,130,44.0
TUR_M5(Me),TUR,O9,M,10.84,79,44.0
TUR_M5(Me),TUR,P0,M,17.06,102,44.0
TUR_M5(Me),TUR,P1,M,16.65,102,44.0
TUR_M5(Me),TUR,P2,M,18.01,116,44.0
TUR_M5(Me),TUR,P3,M,22.14,157,44.0
TUR_M5(Me),TUR,P8,M,13.81,94,44.0
TUR_M5(Me),TUR,P9,M,21.0,128,44.0
TUR_M5(Me),TUR,Q0,M,15.77,107,44.0
TUR_M5(Me),TUR,Q1,M,13.62,88,44.0
VIE_F1(DTND),VIE,O1,F,9.58,49,
VIE_F1(DTND),VIE,O2,F,19.18,93,
VIE_F1(DTND),VIE,O3,F,10.89,55,
VIE_F1(DTND),VIE,O4,F,18.01,89,
VIE_F1(DTND),VIE,O6,F,15.63,80,
VIE_F1(DTND),VIE,O8,F,15.6,81,
VIE_F1(DTND),VIE,O9,F,10.35,52,
VIE_F1(DTND),VIE,P0,F,20.17,102,
VIE_F1(DTND),VIE,P1,F,15.66,77,
VIE_F1(DTND),VIE,P2,F,16.38,81,
VIE_F1(DTND),VIE,P3,F,18.39,90,
VIE_F1(DTND),VIE,P8,F,15.77,75,
VIE_F1(DTND),VIE,P9,F,12.64,61,
VIE_F1(DTND),VIE,Q0,F,11.71,56,
VIE_F1(DTND),VIE,Q1,F,11.05,55,
VIE_F2(DTNH),VIE,O1,F,10.12,49,
VIE_F2(DTNH),VIE,O2,F,18.51,93,
VIE_F2(DTNH),VIE,O3,F,10.99,55,
VIE_F2(DTNH),VIE,O4,F,17.32,89,
VIE_F2(DTNH),VIE,O6,F,15.84,80,
VIE_F2(DTNH),VIE,O8,F,15.65,81,
VIE_F2(DTNH),VIE,O9,F,10.36,52,
VIE_F2(DTNH),VIE,P0,F,21.46,102,
VIE_F2(DTNH),VIE,P1,F,15.46,77,
VIE_F2(DTNH),VIE,P2,F,15.8,81,
VIE_F2(DTNH),VIE,P3,F,18.31,90,
VIE_F2(DTNH),VIE,P8,F,15.92,75,
VIE_F2(DTNH),VIE,P9,F,12.14,61,
VIE_F2(DTNH),VIE,Q0,F,11.48,56,
VIE_F2(DTNH),VIE,Q1,F,11.17,55,
VIE_F3(Ly),VIE,O1,F,8.14,49,25.0
VIE_F3(Ly),VIE,O2,F,15.75,93,25.0
VIE_F3(Ly),VIE,O3,F,9.6,55,25.0
VIE_F3(Ly),VIE,O4,F,15.35,89,25.0
VIE_F3(Ly),VIE,O6,F,13.54,80,25.0
VIE_F3(Ly),VIE,O8,F,13.5,81,25.0
VIE_F3(Ly),VIE,O9,F,8.99,52,25.0
VIE_F3(Ly),VIE,P0,F,17.02,102,25.0
VIE_F3(Ly),VIE,P1,F,14.39,77,25.0
VIE_F3(Ly),VIE,P2,F,12.41,81,25.0
VIE_F3(Ly),VIE,P3,F,15.48,90,25.0
VIE_F3(Ly),VIE,P8,F,12.24,75,25.0
VIE_F3(Ly),VIE,P9,F,10.76,61,25.0
VIE_F3(Ly),VIE,Q0,F,8.82,56,25.0
VIE_F3(Ly),VIE,Q1,F,8.76,55,25.0
VIE_F4(Ma),VIE,O1,F,11.9,49,26.0
VIE_F4(Ma),VIE,O2,F,20.42,93,26.0
VIE_F4(Ma),VIE,O3,F,13.62,55,26.0
VIE_F4(Ma),VIE,O4,F,18.55,89,26.0
VIE_F4(Ma),VIE,O6,F,19.36,80,26.0
VIE_F4(Ma),VIE,O8,F,18.14,81,26.0
VIE_F4(Ma),VIE,O9,F,11.09,52,26.0
VIE_F4(Ma),VIE,P0,F,23.47,102,26.0
VIE_F4(Ma),VIE,P1,F,17.41,77,26.0
VIE_F4(Ma),VIE,P2,F,18.58,81,26.0
VIE_F4(Ma),VIE,P3,F,19.78,90,26.0
VIE_F4(Ma),VIE,P8,F,17.44,75,26.0
VIE_F4(Ma),VIE,P9,F,14.12,61,26.0
VIE_F4(Ma),VIE,Q0,F,11.82,56,26.0
VIE_F4(Ma),VIE,Q1,F,12.11,55,26.0
VIE_F5(Vu),VIE,O1,F,9.88,49,21.0
VIE_F5(Vu),VIE,O2,F,19.14,93,21.0
VIE_F5(Vu),VIE,O3,F,11.59,55,21.0
VIE_F5(Vu),VIE,O4,F,18.39,89,21.0
VIE_F5(Vu),VIE,O6,F,16.23,80,21.0
VIE_F5(Vu),VIE,O8,F,15.73,81,21.0
VIE_F5(Vu),VIE,O9,F,10.09,52,21.0
VIE_F5(Vu),VIE,P0,F,21.5,102,21.0
VIE_F5(Vu),VIE,P1,F,15.35,77,21.0
VIE_F5(Vu),VIE,P2,F,16.05,81,21.0
VIE_F5(Vu),VIE,P3,F,17.81,90,21.0
VIE_F5(Vu),VIE,P8,F,14.7,75,21.0
VIE_F5(Vu),VIE,P9,F,12.46,61,21.0
VIE_F5(Vu),VIE,Q0,F,10.86,56,21.0
VIE_F5(Vu),VIE,Q1,F,10.52,55,21.0
VIE_M1(NCP1),VIE,O1,M,8.07,49,
VIE_M1(NCP1),VIE,O2,M,15.77,93,
VIE_M1(NCP1),VIE,O3,M,9.95,55,
VIE_M1(NCP1),VIE,O4,M,15.61,89,
VIE_M1(NCP1),VIE,O6,M,14.09,80,
VIE_M1(NCP1),VIE,O8,M,13.45,81,
VIE_M1(NCP1),VIE,O9,M,9.29,52,
VIE_M1(NCP1),VIE,P0,M,18.26,102,
VIE_M1(NCP1),VIE,P1,M,13.81,77,
VIE_M1(NCP1),VIE,P2,M,14.2,81,
VIE_M1(NCP1),VIE,P3,M,16.24,90,
VIE_M1(NCP1),VIE,P8,M,12.94,75,
VIE_M1(NCP1),VIE,P9,M,11.01,61,
VIE_M1(NCP1),VIE,Q0,M,9.69,56,
VIE_M1(NCP1),VIE,Q1,M,9.46,55,
VIE_M2(NVS1),VIE,O1,M,9.59,49,
VIE_M2(NVS1),VIE,O2,M,17.63,93,
VIE_M2(NVS1),VIE,O3,M,11.07,55,
VIE_M2(NVS1),VIE,O4,M,16.4,89,
VIE_M2(NVS1),VIE,O6,M,14.35,80,
VIE_M2(NVS1),VIE,O8,M,14.38,81,
VIE_M2(NVS1),VIE,O9,M,9.5,52,
VIE_M2(NVS1),VIE,P0,M,21.5,102,
VIE_M2(NVS1),VIE,P1,M,13.87,77,
VIE_M2(NVS1),VIE,P2,M,14.39,81,
VIE_M2(NVS1),VIE,P3,M,17.29,90,
VIE_M2(NVS1),VIE,P8,M,14.05,75,
VIE_M2(NVS1),VIE,P9,M,11.5,61,
VIE_M2(NVS1),VIE,Q0,M,9.57,56,
VIE_M2(NVS1),VIE,Q1,M,9.35,55,
VIE_M3(Van),VIE,O1,M,7.13,49,28.0
VIE_M3(Van),VIE,O2,M,13.67,93,28.0
VIE_M3(Van),VIE,O3,M,8.32,55,28.0
VIE_M3(Van),VIE,O4,M,12.46,89,28.0
VIE_M3(Van),VIE,O6,M,12.6,80,28.0
VIE_M3(Van),VIE,O8,M,11.14,81,28.0
VIE_M3(Van),VIE,O9,M,7.64,52,28.0
VIE_M3(Van),VIE,P0,M,15.7,102,28.0
VIE_M3(Van),VIE,P1,M,12.43,77,28.0
VIE_M3(Van),VIE,P2,M,11.94,81,28.0
VIE_M3(Van),VIE,P3,M,13.66,90,28.0
VIE_M3(Van),VIE,P8,M,11.25,75,28.0
VIE_M3(Van),VIE,P9,M,9.44,61,28.0
VIE_M3(Van),VIE,Q0,M,7.4,56,28.0
VIE_M3(Van),VIE,Q1,M,8.05,55,28.0
VIE_M4(Qua),VIE,O1,M,9.13,49,31.0
VIE_M4(Qua),VIE,O2,M,18.69,93,31.0
VIE_M4(Qua),VIE,O3,M,10.94,55,31.0
VIE_M4(Qua),VIE,O4,M,17.04,89,31.0
VIE_M4(Qua),VIE,O6,M,15.23,80,31.0
VIE_M4(Qua),VIE,O8,M,14.85,81,31.0
VIE_M4(Qua),VIE,O9,M,9.86,52,31.0
VIE_M4(Qua),VIE,P0,M,21.59,102,31.0
VIE_M4(Qua),VIE,P1,M,14.52,77,31.0
VIE_M4(Qua),VIE,P2,M,15.04,81,31.0
VIE_M4(Qua),VIE,P3,M,17.02,90,31.0
VIE_M4(Qua),VIE,P8,M,13.64,75,31.0
VIE_M4(Qua),VIE,P9,M,11.58,61,31.0
VIE_M4(Qua),VIE,Q0,M,10.61,56,31.0
VIE_M4(Qua),VIE,Q1,M,10.3,55,31.0
VIE_M5(Ti),VIE,O1,M,11.66,49,32.0
VIE_M5(Ti),VIE,O2,M,17.88,93,32.0
VIE_M5(Ti),VIE,O3,M,13.38,55,32.0
VIE_M5(Ti),VIE,O4,M,20.79,89,32.0
VIE_M5(Ti),VIE,O6,M,16.58,80,32.0
VIE_M5(Ti),VIE,O8,M,16.99,81,32.0
VIE_M5(Ti),VIE,O9,M,12.35,52,32.0
VIE_M5(Ti),VIE,P0,M,22.28,102,32.0
VIE_M5(Ti),VIE,P1,M,16.69,77,32.0
VIE_M5(Ti),VIE,P2,M,15.88,81,32.0
VIE_M5(Ti),VIE,P3,M,19.8,90,32.0
VIE_M5(Ti),VIE,P8,M,15.57,75,32.0
VIE_M5(Ti),VIE,P9,M,13.62,61,32.0
VIE_M5(Ti),VIE,Q0,M,11.77,56,32.0
VIE_M5(Ti),VIE,Q1,M,11.9,55,32.0
YUE_F1(Vi),YUE,O1,F,9.62,59,20.0
YUE_F1(Vi),YUE,O2,F,14.07,80,20.0
YUE_F1(Vi),YUE,O3,F,18.09,96,20.0
YUE_F1(Vi),YUE,O4,F,12.41,69,20.0
YUE_F1(Vi),YUE,O6,F,13.47,80,20.0
YUE_F1(Vi),YUE,O8,F,15.08,92,20.0
YUE_F1(Vi),YUE,O9,F,12.79,56,20.0
YUE_F1(Vi),YUE,P0,F,19.55,102,20.0
YUE_F1(Vi),YUE,P1,F,17.8,88,20.0
YUE_F1(Vi),YUE,P2,F,14.55,78,20.0
YUE_F1(Vi),YUE,P3,F,16.71,83,20.0
YUE_F1(Vi),YUE,P8,F,15.86,77,20.0
YUE_F1(Vi),YUE,P9,F,18.2,90,20.0
YUE_F1(Vi),YUE,Q0,F,17.26,88,20.0
YUE_F1(Vi),YUE,Q1,F,14.73,73,20.0
YUE_F2(Ka),YUE,O1,F,9.96,59,21.0
YUE_F2(Ka),YUE,O2,F,13.58,80,21.0
YUE_F2(Ka),YUE,O3,F,17.13,96,21.0
YUE_F2(Ka),YUE,O4,F,12.43,69,21.0
YUE_F2(Ka),YUE,O6,F,13.41,80,21.0
YUE_F2(Ka),YUE,O8,F,15.14,92,21.0
YUE_F2(Ka),YUE,O9,F,9.7,56,21.0
YUE_F2(Ka),YUE,P0,F,17.41,102,21.0
YUE_F2(Ka),YUE,P1,F,16.26,88,21.0
YUE_F2(Ka),YUE,P2,F,13.99,78,21.0
YUE_F2(Ka),YUE,P3,F,14.34,83,21.0
YUE_F2(Ka),YUE,P8,F,14.22,77,21.0
YUE_F2(Ka),YUE,P9,F,15.86,90,21.0
YUE_F2(Ka),YUE,Q0,F,15.77,88,21.0
YUE_F2(Ka),YUE,Q1,F,12.43,73,21.0
YUE_F3(Ce),YUE,O1,F,10.5,59,23.0
YUE_F3(Ce),YUE,O2,F,13.65,80,23.0
YUE_F3(Ce),YUE,O3,F,17.41,96,23.0
YUE_F3(Ce),YUE,O4,F,12.64,69,23.0
YUE_F3(Ce),YUE,O6,F,14.08,80,23.0
YUE_F3(Ce),YUE,O8,F,14.91,92,23.0
YUE_F3(Ce),YUE,O9,F,10.29,56,23.0
YUE_F3(Ce),YUE,P0,F,18.22,102,23.0
YUE_F3(Ce),YUE,P1,F,14.89,88,23.0
YUE_F3(Ce),YUE,P2,F,13.84,78,23.0
YUE_F3(Ce),YUE,P3,F,15.82,83,23.0
YUE_F3(Ce),YUE,P8,F,14.38,77,23.0
YUE_F3(Ce),YUE,P9,F,16.24,90,23.0
YUE_F3(Ce),YUE,Q0,F,16.32,88,23.0
YUE_F3(Ce),YUE,Q1,F,13.17,73,23.0
YUE_F5(Ye),YUE,O1,F,11.59,59,24.0
YUE_F5(Ye),YUE,O2,F,15.46,80,24.0
YUE_F5(Ye),YUE,O3,F,18.62,96,24.0
YUE_F5(Ye),YUE,O4,F,14.49,69,24.0
YUE_F5(Ye),YUE,O6,F,15.8,80,24.0
YUE_F5(Ye),YUE,O8,F,16.06,92,24.0
YUE_F5(Ye),YUE,O9,F,11.27,56,24.0
YUE_F5(Ye),YUE,P0,F,18.93,102,24.0
YUE_F5(Ye),YUE,P1,F,18.04,88,24.0
YUE_F5(Ye),YUE,P2,F,14.9,78,24.0
YUE_F5(Ye),YUE,P3,F,17.01,83,24.0
YUE_F5(Ye),YUE,P8,F,15.94,77,24.0
YUE_F5(Ye),YUE,P9,F,17.04,90,24.0
YUE_F5(Ye),YUE,Q0,F,17.02,88,24.0
YUE_F5(Ye),YUE,Q1,F,13.45,73,24.0
YUE_F6(Tra),YUE,O1,F,9.76,59,21.0
YUE_F6(Tra),YUE,O2,F,14.27,80,21.0
YUE_F6(Tra),YUE,O3,F,14.51,96,21.0
YUE_F6(Tra),YUE,O4,F,12.72,69,21.0
YUE_F6(Tra),YUE,O6,F,13.16,80,21.0
YUE_F6(Tra),YUE,O8,F,14.55,92,21.0
YUE_F6(Tra),YUE,O9,F,10.53,56,21.0
YUE_F6(Tra),YUE,P0,F,18.6,102,21.0
YUE_F6(Tra),YUE,P1,F,15.94,88,21.0
YUE_F6(Tra),YUE,P2,F,12.68,78,21.0
YUE_F6(Tra),YUE,P3,F,15.26,83,21.0
YUE_F6(Tra),YUE,P8,F,16.26,77,21.0
YUE_F6(Tra),YUE,P9,F,16.4,90,21.0
YUE_F6(Tra),YUE,Q0,F,15.03,88,21.0
YUE_F6(Tra),YUE,Q1,F,12.44,73,21.0
YUE_M2(Ka),YUE,O1,M,9.6,59,20.0
YUE_M2(Ka),YUE,O2,M,13.13,80,20.0
YUE_M2(Ka),YUE,O3,M,16.62,96,20.0
YUE_M2(Ka),YUE,O4,M,12.36,69,20.0
YUE_M2(Ka),YUE,O6,M,14.51,80,20.0
YUE_M2(Ka),YUE,O8,M,14.56,92,20.0
YUE_M2(Ka),YUE,O9,M,9.61,56,20.0
YUE_M2(Ka),YUE,P0,M,17.59,102,20.0
YUE_M2(Ka),YUE,P1,M,15.5,88,20.0
YUE_M2(Ka),YUE,P2,M,13.47,78,20.0
YUE_M2(Ka),YUE,P3,M,14.06,83,20.0
YUE_M2(Ka),YUE,P8,M,14.18,77,20.0
YUE_M2(Ka),YUE,P9,M,15.61,90,20.0
YUE_M2(Ka),YUE,Q0,M,15.37,88,20.0
YUE_M2(Ka),YUE,Q1,M,12.6,73,20.0
YUE_M3(Bra),YUE,O1,M,10.29,59,22.0
YUE_M3(Bra),YUE,O2,M,14.54,80,22.0
YUE_M3(Bra),YUE,O3,M,17.95,96,22.0
YUE_M3(Bra),YUE,O4,M,12.99,69,22.0
YUE_M3(Bra),YUE,O6,M,15.42,80,22.0
YUE_M3(Bra),YUE,O8,M,15.93,92,22.0
YUE_M3(Bra),YUE,O9,M,9.85,56,22.0
YUE_M3(Bra),YUE,P0,M,17.48,102,22.0
YUE_M3(Bra),YUE,P1,M,15.29,88,22.0
YUE_M3(Bra),YUE,P2,M,13.7,78,22.0
YUE_M3(Bra),YUE,P3,M,16.32,83,22.0
YUE_M3(Bra),YUE,P8,M,14.73,77,22.0
YUE_M3(Bra),YUE,P9,M,16.97,90,22.0
YUE_M3(Bra),YUE,Q0,M,17.44,88,22.0
YUE_M3(Bra),YUE,Q1,M,13.65,73,22.0
YUE_M4(Al),YUE,O1,M,8.96,59,24.0
YUE_M4(Al),YUE,O2,M,13.82,80,24.0
YUE_M4(Al),YUE,O3,M,15.86,96,24.0
YUE_M4(Al),YUE,O4,M,12.14,69,24.0
YUE_M4(Al),YUE,O6,M,13.53,80,24.0
YUE_M4(Al),YUE,O8,M,14.26,92,24.0
YUE_M4(Al),YUE,O9,M,9.5,56,24.0
YUE_M4(Al),YUE,P0,M,17.83,102,24.0
YUE_M4(Al),YUE,P1,M,14.84,88,24.0
YUE_M4(Al),YUE,P2,M,14.12,78,24.0
YUE_M4(Al),YUE,P3,M,14.34,83,24.0
YUE_M4(Al),YUE,P8,M,13.9,77,24.0
YUE_M4(Al),YUE,P9,M,15.64,90,24.0
YUE_M4(Al),YUE,Q0,M,15.07,88,24.0
YUE_M4(Al),YUE,Q1,M,12.66,73,24.0
YUE_M5(Ed),YUE,O1,M,10.83,59,22.0
YUE_M5(Ed),YUE,O2,M,13.56,80,22.0
YUE_M5(Ed),YUE,O3,M,17.73,96,22.0
YUE_M5(Ed),YUE,O4,M,12.95,69,22.0
YUE_M5(Ed),YUE,O6,M,13.61,80,22.0
YUE_M5(Ed),YUE,O8,M,15.17,92,22.0
YUE_M5(Ed),YUE,O9,M,9.73,56,22.0
YUE_M5(Ed),YUE,P0,M,16.83,102,22.0
YUE_M5(Ed),YUE,P1,M,14.75,88,22.0
YUE_M5(Ed),YUE,P2,M,14.19,78,22.0
YUE_M5(Ed),YUE,P3,M,14.5,83,22.0
YUE_M5(Ed),YUE,P8,M,13.46,77,22.0
YUE_M5(Ed),YUE,P9,M,15.82,90,22.0
YUE_M5(Ed),YUE,Q0,M,15.03,88,22.0
YUE_M5(Ed),YUE,Q1,M,12.77,73,22.0
YUE_M6(Hu),YUE,O1,M,10.57,59,23.0
YUE_M6(Hu),YUE,O2,M,14.47,80,23.0
YUE_M6(Hu),YUE,O3,M,16.5,96,23.0
YUE_M6(Hu),YUE,O4,M,14.34,69,23.0
YUE_M6(Hu),YUE,O6,M,16.59,80,23.0
YUE_M6(Hu),YUE,O8,M,16.66,92,23.0
YUE_M6(Hu),YUE,O9,M,10.33,56,23.0
YUE_M6(Hu),YUE,P0,M,20.56,102,23.0
YUE_M6(Hu),YUE,P1,M,16.13,88,23.0
YUE_M6(Hu),YUE,P2,M,13.6,78,23.0
YUE_M6(Hu),YUE,P3,M,16.82,83,23.0
YUE_M6(Hu),YUE,P8,M,15.25,77,23.0
YUE_M6(Hu),YUE,P9,M,18.2,90,23.0
YUE_M6(Hu),YUE,Q0,M,15.86,88,23.0
YUE_M6(Hu),YUE,Q1,M,12.04,73,23.0
